11745,G,7,8,9,7,9,7,8,5,3,7,7,8,10,10,10,7
5666,P,7,9,9,7,5,7,12,8,3,10,5,3,2,11,5,8
151,Z,8,14,8,8,5,8,5,2,9,12,6,9,3,7,6,7
18304,Y,5,6,8,9,10,8,8,4,2,7,8,9,6,12,8,8
8072,Y,6,7,6,5,3,2,11,4,5,12,12,7,2,11,2,6
12715,W,6,7,6,5,4,3,11,2,2,9,9,8,6,11,1,7
14062,E,5,8,7,6,5,4,9,2,8,10,8,9,3,9,4,6
16360,V,5,10,5,5,3,6,9,4,3,9,7,5,5,12,2,8
11216,Z,4,8,5,6,2,7,7,4,15,9,6,8,0,8,8,8
14972,Z,3,7,5,5,5,8,8,6,3,6,4,6,3,9,8,3
17466,P,3,7,3,4,2,3,13,7,2,11,6,3,1,10,4,8
11382,P,7,12,6,7,3,9,7,5,4,12,3,6,5,9,4,8
7646,W,2,4,4,3,2,7,11,2,2,7,9,8,6,11,0,8
2645,W,8,14,8,8,6,4,8,1,3,8,9,8,10,11,2,6
2166,G,6,10,8,7,5,7,7,7,6,5,7,9,3,8,4,8
8779,L,3,9,5,7,3,7,5,1,7,8,2,10,0,6,2,8
1297,O,5,9,6,7,5,7,8,8,4,6,7,9,3,7,4,7
18547,Z,2,3,4,2,1,7,7,2,9,11,6,8,1,8,5,7
3049,J,3,7,5,5,4,8,9,4,3,8,5,6,6,9,6,4
19472,T,3,4,4,6,1,6,15,1,6,8,11,7,0,8,0,8
5383,T,9,13,8,7,4,8,6,4,10,13,5,7,2,9,6,6
3933,D,8,14,7,8,5,6,7,5,6,9,6,6,5,8,7,4
7372,T,4,5,5,3,2,6,11,2,8,11,9,5,3,9,3,4
19251,P,5,11,5,8,4,3,13,7,1,11,6,3,0,10,3,8
17872,H,4,8,4,5,2,7,9,15,1,7,4,8,3,8,0,8
2535,T,2,7,3,4,1,10,14,1,6,4,11,9,0,8,0,8
6153,I,4,5,6,6,5,7,9,4,5,7,7,8,3,7,8,8
488,F,4,8,6,6,5,4,10,1,2,10,8,7,5,10,2,4
11319,M,2,3,3,2,2,8,7,5,4,6,7,8,5,6,1,7
15663,F,4,9,6,6,6,11,6,2,5,10,5,6,5,9,4,7
5593,B,5,7,7,5,5,8,8,4,6,10,5,6,3,8,6,10
1086,Z,4,7,5,5,3,7,8,2,9,11,7,8,1,8,6,7
15780,J,2,5,4,3,2,11,6,2,7,12,3,7,0,7,1,8
17245,W,4,4,5,2,3,4,11,3,2,9,9,7,6,11,1,6
8006,P,3,4,5,3,2,6,11,5,2,12,5,2,1,10,3,9
18220,Z,3,10,4,8,4,7,7,6,10,6,6,8,1,8,8,8
7496,O,3,7,4,5,3,6,7,7,4,7,6,10,4,8,3,8
17577,P,3,4,3,5,2,4,11,8,3,10,6,4,1,10,3,8
18218,U,7,15,6,8,5,7,6,4,5,7,7,8,5,7,3,7
2422,D,3,6,3,4,2,6,8,10,8,7,7,6,3,8,4,8
3095,H,5,10,5,8,5,7,8,13,1,7,5,8,3,8,0,8
3590,E,2,1,2,2,1,4,7,5,8,7,6,13,0,8,7,9
12576,P,1,1,2,1,1,5,10,8,3,9,6,5,1,9,3,8
3500,H,2,1,2,2,2,7,8,5,5,7,6,8,3,8,2,8
2869,H,4,7,6,5,5,7,7,2,6,10,6,8,3,8,3,8
3461,W,2,3,3,1,2,8,11,2,1,6,9,8,5,11,0,8
8733,S,5,7,6,5,3,9,6,4,8,11,4,8,2,8,5,11
1513,U,4,5,5,3,2,3,8,4,6,11,11,9,3,9,1,6
9131,J,4,10,5,7,2,8,7,2,7,15,5,8,0,7,1,7
14929,O,3,9,4,7,4,7,6,8,5,6,4,8,3,8,3,7
6929,K,5,7,7,6,7,7,9,3,5,7,3,9,6,2,7,10
2951,U,3,6,3,4,1,7,5,13,5,7,13,8,3,9,0,8
541,X,3,2,4,3,2,7,7,3,9,6,6,8,2,8,6,8
4730,V,5,7,7,6,7,8,6,5,5,7,6,8,7,10,6,7
12917,Z,2,7,3,5,3,7,7,5,9,7,6,8,1,8,7,8
16235,A,4,5,6,4,5,7,8,3,5,7,8,9,7,10,3,7
10394,P,2,7,4,5,3,4,11,5,4,11,8,4,1,10,3,7
16365,I,1,10,0,7,0,7,7,4,4,7,6,8,0,8,0,8
14910,Q,5,8,6,7,3,8,8,8,7,5,7,9,3,7,5,10
1346,N,5,9,7,6,4,7,9,6,5,7,6,7,7,9,3,7
12783,B,4,9,6,6,6,6,8,7,4,7,5,6,4,8,5,6
17998,P,4,4,6,6,6,9,11,2,3,7,9,6,4,10,5,5
4997,M,5,11,7,8,9,8,9,7,4,7,7,8,8,8,9,5
12418,Y,5,10,6,8,6,8,7,6,5,5,9,8,3,9,10,7
487,B,1,0,1,0,1,7,8,6,4,7,6,7,1,8,6,9
14435,U,1,0,2,1,0,7,5,10,4,7,12,8,3,10,0,8
19666,O,4,8,6,7,5,7,6,5,5,9,5,8,3,6,5,6
3194,T,3,7,5,5,3,7,12,3,7,8,11,7,2,11,1,7
6924,E,5,8,6,6,6,8,5,6,3,7,7,9,4,8,8,10
2610,Q,5,9,5,4,3,12,3,3,4,10,3,8,3,9,5,12
678,E,4,8,4,6,2,3,7,6,11,7,6,15,0,8,7,7
8995,T,2,8,4,5,1,8,15,1,6,6,11,8,0,8,0,8
9974,E,1,3,3,2,1,6,8,2,7,11,7,9,1,8,4,9
10634,E,5,8,6,6,5,8,7,6,3,7,6,10,4,8,8,9
597,J,3,7,4,5,1,7,7,3,7,15,6,10,0,7,1,7
17573,S,4,10,5,8,4,7,7,5,8,5,6,9,0,8,8,8
16761,D,5,6,6,6,5,5,7,6,7,6,5,6,4,7,5,6
16653,L,4,8,6,6,3,5,4,3,10,5,1,7,1,6,3,5
14521,X,1,1,2,1,0,8,7,3,4,7,6,8,2,8,4,8
6228,T,5,7,6,5,4,5,12,4,5,12,9,4,2,12,1,5
16428,V,7,10,9,8,5,6,11,3,3,7,11,8,3,10,4,8
14238,W,7,10,7,8,6,4,10,3,2,9,8,7,7,12,2,5
4086,R,1,1,2,1,1,6,9,7,3,7,5,8,2,7,4,11
9735,U,9,10,9,8,4,3,8,6,8,12,11,10,3,9,2,6
3736,V,3,5,4,3,2,4,12,2,3,9,11,7,3,10,1,7
14707,L,3,9,5,7,3,8,4,2,7,8,2,8,1,6,2,9
2004,H,2,1,2,1,2,8,8,6,6,7,6,8,3,8,3,8
2730,T,4,6,4,4,2,5,12,4,5,11,9,4,2,11,1,5
1000,V,4,6,4,4,2,5,11,3,4,9,11,7,2,10,1,8
2127,S,4,9,6,7,3,9,7,4,8,12,4,7,2,8,5,9
13371,T,5,6,5,4,2,4,14,5,5,12,9,3,1,11,1,5
11649,Q,2,4,3,5,3,8,9,6,1,5,8,10,2,9,5,10
6313,Z,2,5,3,3,2,7,7,5,9,6,6,8,2,8,7,8
12915,V,2,7,4,5,3,9,12,2,3,4,10,9,2,11,1,9
7293,H,6,9,9,6,7,10,6,3,6,10,3,7,5,6,4,9
17609,U,5,10,5,7,4,7,5,13,5,7,12,8,3,9,0,8
17975,A,2,1,3,1,1,7,4,2,0,7,2,8,3,6,1,8
2491,D,4,6,6,4,4,7,7,4,6,7,6,8,6,8,3,7
17900,A,3,7,5,5,2,9,3,3,3,7,2,8,3,6,3,8
14835,P,2,3,4,2,2,7,10,4,3,11,5,3,1,9,2,8
9001,E,4,8,6,6,5,7,7,2,7,11,7,9,3,8,5,8
2203,R,1,1,2,1,1,6,9,8,4,7,5,8,2,7,4,11
6887,E,3,7,3,5,3,3,8,5,8,7,7,13,0,8,6,9
589,I,3,8,4,6,2,7,7,0,6,13,6,8,0,8,1,8
1455,K,5,9,7,8,8,8,8,2,5,8,3,8,5,4,4,10
17395,R,6,10,8,7,8,8,8,7,5,7,5,8,5,9,7,12
6750,T,3,4,5,6,1,6,15,1,6,8,11,7,0,8,0,8
13435,R,5,5,7,4,6,7,7,4,3,8,5,8,7,8,6,6
7838,J,2,5,3,7,1,12,3,9,4,13,5,12,1,6,0,8
12883,Y,2,3,2,2,1,3,11,3,5,11,10,5,1,11,1,6
14807,C,5,9,4,5,3,7,6,4,4,9,9,11,4,10,9,10
9219,U,5,11,5,8,4,8,5,12,4,7,13,8,3,9,0,8
2415,N,5,10,7,8,4,3,9,4,4,10,11,10,5,7,1,8
6809,A,5,7,7,6,6,9,8,3,4,7,7,8,5,6,5,4
7955,B,7,15,7,8,8,6,8,3,6,9,6,7,8,5,8,6
7936,J,2,8,2,6,1,14,3,5,4,13,3,9,0,7,0,8
18318,K,3,3,4,5,2,3,6,7,3,7,7,12,3,8,3,10
5907,Z,5,10,6,8,4,9,5,3,10,11,3,10,1,8,6,10
13367,K,3,6,3,4,1,3,7,7,3,7,6,11,4,8,2,11
7883,U,3,3,4,1,1,5,8,4,6,10,9,9,3,10,1,6
15849,V,4,8,4,6,2,3,11,3,3,10,11,7,2,10,1,7
5387,Z,4,11,5,9,6,7,7,5,10,7,5,9,3,10,9,8
13314,F,5,11,5,8,2,0,13,5,4,13,11,7,0,8,2,5
5197,T,3,2,4,4,3,7,11,3,6,7,11,8,2,11,1,8
11532,J,6,9,5,7,3,8,9,2,3,13,4,5,2,9,7,8
10134,L,2,5,3,3,1,3,4,3,8,2,1,7,0,7,1,6
1199,R,3,9,4,6,4,6,8,8,4,7,5,8,2,7,5,11
4572,L,4,11,6,9,5,8,4,0,8,9,3,10,2,5,3,9
7276,X,6,10,9,8,4,8,8,1,9,10,4,7,3,9,4,8
19137,K,3,8,4,6,3,3,7,6,2,6,5,10,3,8,2,11
18822,K,3,8,5,6,3,5,7,5,7,6,6,11,3,8,5,9
18583,E,4,7,5,5,4,6,8,7,9,6,4,10,2,8,6,8
18431,N,6,9,9,6,5,7,9,2,5,10,5,6,6,9,1,7
2503,M,4,8,5,6,5,7,5,10,0,7,8,8,8,5,2,10
4582,C,4,10,6,8,4,4,9,5,6,5,7,14,4,8,5,7
10974,Y,5,9,7,6,4,10,10,1,7,3,11,7,1,11,2,9
12977,W,5,11,8,8,8,4,12,2,2,8,9,9,7,13,2,8
7635,F,2,1,2,2,1,5,10,3,5,10,9,5,1,10,2,7
4297,N,3,6,4,4,3,7,7,12,1,7,6,8,5,9,0,8
439,L,4,8,4,6,1,0,0,6,6,0,1,4,0,8,0,8
4700,S,5,9,7,6,8,7,8,5,3,8,5,8,4,8,10,7
15138,F,4,7,5,5,3,6,10,3,5,13,7,5,2,10,2,8
10156,Q,8,12,7,7,4,8,5,4,9,10,5,9,3,7,9,10
5374,M,5,6,8,4,5,8,6,2,5,9,6,8,7,5,2,8
62,E,6,9,4,4,2,7,7,4,7,10,6,10,1,9,7,9
2202,K,7,9,10,8,10,9,7,3,4,9,2,8,8,4,8,12
1621,R,7,11,10,8,11,5,8,3,5,6,5,10,8,9,9,6
17964,S,3,6,5,5,5,9,8,5,5,7,6,8,5,8,9,11
926,N,6,7,8,5,4,10,7,3,6,10,1,4,6,10,2,8
158,K,6,9,9,6,7,9,6,1,7,10,3,8,3,7,3,9
19083,E,4,6,6,6,6,6,8,4,4,8,7,9,4,11,8,10
14566,S,5,9,5,5,2,5,9,2,5,13,8,8,2,8,2,6
3910,X,1,1,2,1,1,7,7,3,7,6,6,8,2,8,5,8
3451,C,2,3,3,1,1,5,8,4,6,11,9,11,1,9,2,8
10920,J,1,6,2,4,1,12,3,8,3,13,6,12,1,6,0,8
12961,U,10,14,9,8,4,6,4,4,6,4,7,6,6,5,2,7
7867,S,3,2,3,3,2,8,7,6,5,7,6,8,2,8,9,8
6468,W,2,1,4,1,2,8,11,3,1,6,9,8,6,11,0,7
15485,L,2,6,3,4,2,8,3,3,6,7,2,7,1,6,2,8
17588,I,1,9,0,6,0,7,7,4,4,7,6,8,0,8,0,8
4032,G,6,9,5,5,4,8,4,5,2,9,6,9,4,8,7,8
1587,P,4,10,5,8,4,6,10,6,5,9,7,3,2,10,4,7
18326,B,1,3,3,2,2,7,8,2,4,10,6,6,2,8,4,8
10546,Q,2,3,3,4,2,7,8,4,2,8,9,10,2,9,4,8
13009,O,7,11,5,6,3,6,7,5,4,7,4,7,5,8,5,7
3785,A,3,5,5,4,2,10,2,2,2,8,2,9,3,5,2,8
9303,Z,5,6,6,8,3,7,7,4,15,9,6,8,0,8,8,8
13060,R,6,11,6,8,4,5,12,9,3,7,3,9,3,7,6,11
15620,P,4,11,6,8,5,6,8,5,6,9,8,4,2,10,4,7
8285,J,1,1,2,2,1,10,6,2,6,12,4,8,1,7,1,7
14755,F,5,10,8,7,6,9,8,2,6,12,4,5,4,8,4,9
18331,P,4,7,6,5,3,9,8,3,5,13,4,4,1,10,3,9
11107,Y,2,1,3,2,1,7,10,1,7,7,11,8,1,11,1,8
18912,B,2,1,2,2,2,7,7,4,4,6,6,6,2,8,4,10
7610,R,5,11,7,8,5,11,7,3,7,11,1,6,6,7,4,10
11993,U,6,7,6,5,4,3,9,5,7,10,9,9,3,9,2,6
16956,R,4,3,5,5,3,5,11,8,3,7,4,8,2,7,6,11
2825,X,7,13,6,7,3,8,7,2,8,9,6,8,4,8,4,8
4175,H,2,4,4,2,2,7,8,3,5,10,6,7,3,8,2,8
2565,X,3,5,6,4,3,6,7,1,9,11,9,9,3,8,3,7
16799,W,4,9,6,7,3,5,8,5,1,7,8,8,8,9,0,8
11049,D,4,9,6,6,5,6,7,8,7,7,7,5,3,8,3,8
1943,C,5,5,6,8,2,6,7,7,10,8,6,15,1,9,4,9
17473,A,3,5,6,4,3,11,1,2,2,9,2,9,3,7,3,9
8752,A,3,10,5,7,2,8,6,3,1,7,0,8,3,7,1,8
17490,M,8,10,12,8,9,10,6,2,5,9,5,7,8,7,2,8
4972,K,3,4,4,3,2,5,7,4,7,7,6,11,3,8,5,9
697,E,6,8,8,6,5,4,9,4,9,11,10,9,2,9,4,5
12661,K,5,10,6,8,5,3,8,7,3,7,5,11,3,8,3,11
6992,R,1,0,2,1,1,6,9,7,3,7,5,8,2,7,4,11
11554,J,2,5,4,4,1,9,7,2,7,14,4,8,0,7,0,7
19974,N,5,9,5,4,2,9,11,5,3,5,6,9,5,11,2,6
18959,K,7,9,10,6,7,9,7,1,6,10,3,8,6,7,5,10
10226,X,2,3,4,2,2,9,7,2,8,11,3,7,2,7,2,8
2428,R,4,7,5,5,4,11,7,2,5,11,3,7,3,7,3,11
5156,W,2,0,3,1,1,7,8,4,0,7,8,8,7,9,0,8
12003,B,5,8,7,6,6,10,6,3,6,10,4,7,4,7,5,10
12700,N,9,13,8,7,4,6,10,4,5,4,5,10,6,10,2,7
10131,V,5,10,5,8,4,3,11,2,3,9,11,8,2,11,1,8
12913,I,1,6,0,8,1,7,7,4,4,7,6,8,0,8,0,8
3877,P,8,9,7,4,3,6,11,6,2,10,4,5,4,9,4,8
6727,Q,3,4,4,5,3,7,8,5,2,8,8,10,3,8,5,8
5865,N,3,8,5,6,4,7,8,6,5,7,6,7,5,9,1,6
14969,V,3,7,5,5,2,7,12,3,4,6,11,9,2,10,1,8
16234,W,4,3,5,2,2,4,11,3,2,10,9,7,6,11,1,7
10088,N,4,9,5,7,5,7,7,13,1,7,6,8,5,8,0,7
15148,J,4,7,6,8,5,9,9,5,4,6,6,9,3,7,8,6
16274,D,4,8,5,6,7,9,8,4,5,7,6,6,4,7,7,4
4482,R,4,8,5,6,4,8,8,5,7,6,4,7,3,6,5,8
12888,Y,7,9,6,13,5,5,7,5,3,7,11,6,4,10,5,6
19910,I,5,12,5,6,3,6,11,3,5,13,6,4,1,8,5,8
859,C,2,4,3,3,2,6,8,7,8,8,7,13,1,9,4,10
8198,E,4,8,4,6,2,3,7,6,11,7,7,14,0,8,7,7
6897,T,7,11,7,8,5,5,10,0,8,11,9,6,1,9,3,4
9196,U,7,14,6,8,5,8,6,4,5,7,7,8,6,5,4,6
2424,D,9,15,8,8,6,8,6,3,7,10,5,6,6,7,9,6
3575,D,5,11,7,8,5,8,7,9,8,7,6,2,4,8,5,9
611,T,5,7,5,5,3,6,11,3,7,11,9,5,2,12,3,4
17484,D,3,8,4,6,4,5,7,9,6,7,6,5,3,8,3,9
9728,W,4,7,6,5,9,8,7,5,2,7,7,8,10,10,3,8
18107,P,6,6,6,8,3,5,10,10,6,8,6,5,2,10,4,8
12598,O,4,7,5,5,3,7,8,7,6,9,8,8,3,8,3,8
1362,C,3,2,4,4,2,5,8,7,7,9,8,13,1,9,4,10
16047,G,4,10,5,8,3,7,5,8,9,8,4,13,1,9,5,10
8113,A,3,8,4,6,3,6,4,2,0,6,2,8,2,6,1,7
18512,Z,4,10,6,7,6,8,8,2,8,7,7,7,1,8,10,8
11146,S,2,2,3,3,2,8,7,7,5,8,6,7,2,9,9,8
6392,I,4,11,7,8,8,10,7,2,5,9,4,4,4,9,7,5
10065,G,8,13,7,7,4,7,3,6,2,6,5,4,4,7,5,7
12334,Z,4,8,6,6,4,8,6,2,9,11,4,10,2,7,7,9
19256,H,7,10,10,8,6,10,6,3,6,10,3,7,5,7,5,9
12842,E,3,4,4,6,2,3,8,6,10,7,6,14,0,8,7,7
10627,O,4,8,5,6,3,7,5,8,5,6,4,7,3,8,3,8
632,D,2,4,3,3,2,9,6,3,5,10,4,6,2,8,2,8
13754,W,7,11,7,8,8,4,10,2,3,9,8,7,7,11,2,6
1970,Y,9,9,7,13,5,7,8,4,3,6,11,5,5,10,6,6
15630,J,2,7,3,5,1,14,3,4,5,12,1,8,0,7,0,8
18833,Y,1,1,2,1,1,7,10,1,5,7,11,8,1,11,1,8
1694,R,5,8,8,7,8,8,8,3,3,7,5,8,7,8,6,4
17502,L,2,6,4,4,2,6,4,1,9,8,2,11,0,7,2,8
3400,N,6,9,8,8,8,7,7,5,4,7,5,8,7,9,5,7
4106,A,3,7,5,6,4,6,8,2,4,7,7,9,5,9,3,7
9500,V,4,10,6,8,4,8,11,2,3,4,10,9,3,11,2,8
10037,S,5,11,6,9,6,8,7,8,5,7,6,7,2,8,9,8
7739,T,3,10,4,8,3,9,13,0,5,6,10,8,0,8,0,8
2997,M,4,7,7,5,7,9,5,2,1,8,4,8,10,5,2,6
3581,U,6,9,8,7,10,9,7,4,5,5,8,7,11,9,6,6
17028,M,5,5,8,3,4,10,6,3,5,9,5,7,10,6,2,8
6293,H,2,6,3,4,2,7,6,12,2,7,8,8,3,9,0,8
7671,K,4,10,6,7,6,5,7,5,7,6,6,12,3,8,6,9
1503,Q,5,7,5,9,5,7,9,4,3,7,9,11,3,9,6,8
6853,L,4,9,4,7,3,0,2,4,6,1,0,8,0,8,0,8
18513,X,3,7,5,5,4,7,7,3,8,5,6,9,3,7,7,9
335,F,5,10,5,7,2,1,14,5,4,12,10,6,0,8,2,5
5708,I,6,11,7,8,5,7,7,1,7,7,6,8,0,8,4,8
11662,W,4,7,6,5,3,5,8,5,1,7,8,8,8,9,0,8
4196,D,3,6,5,4,3,9,7,5,7,10,5,4,3,8,3,8
14288,S,7,15,6,8,3,9,5,4,4,13,6,9,2,9,3,8
4054,D,4,8,5,6,4,7,7,5,5,7,6,7,4,8,3,7
10455,G,2,0,2,1,1,8,6,5,5,6,5,9,1,8,5,10
7737,P,2,4,3,2,1,5,11,4,4,10,8,3,1,9,3,6
5147,U,3,5,4,3,2,5,8,4,7,10,8,9,3,9,2,6
13389,R,5,9,7,7,7,8,6,7,3,8,6,7,6,6,7,10
13851,G,5,10,6,7,4,6,7,7,7,9,8,11,2,8,5,9
1518,K,3,5,5,4,3,6,7,1,7,10,7,10,3,8,3,8
3991,M,2,1,3,2,1,7,6,10,1,7,9,8,7,6,0,8
3054,F,3,5,5,3,2,6,10,2,6,13,7,5,1,10,2,7
6115,X,4,10,5,7,2,7,7,5,4,7,6,8,3,8,4,8
5695,K,3,6,5,4,4,6,6,3,8,6,6,9,3,8,5,9
19937,H,3,8,5,6,4,8,8,7,7,7,5,7,3,8,3,7
1428,E,4,6,6,4,4,6,8,3,7,11,8,9,3,9,4,7
547,J,3,8,4,6,2,10,6,2,8,12,3,7,0,6,2,6
10288,L,2,5,4,4,2,7,4,1,8,8,2,10,0,7,2,8
8518,K,7,10,10,8,7,5,6,1,7,9,8,11,3,8,3,8
8611,S,4,8,5,6,3,7,7,5,9,5,6,8,0,8,9,8
1507,B,5,8,7,6,6,8,6,6,6,9,7,7,3,8,7,8
11814,S,1,0,1,0,0,7,7,3,5,5,6,8,0,8,7,8
8206,Z,2,4,4,3,1,7,8,2,9,11,6,8,1,8,5,7
18087,R,2,3,4,2,2,8,7,3,4,9,4,7,2,7,3,10
6704,C,2,7,3,5,1,5,7,7,9,7,6,14,1,8,4,9
6499,C,3,7,4,5,3,5,8,6,6,8,8,14,2,9,4,10
3086,X,4,9,5,6,1,7,7,4,4,7,6,8,3,8,4,8
17266,M,7,7,10,5,7,5,7,3,5,10,10,10,11,8,4,8
14338,P,4,7,5,5,3,6,11,4,4,13,6,3,1,10,3,9
9531,F,4,6,4,8,2,0,14,4,4,12,10,6,0,8,2,6
11212,X,5,6,6,8,2,7,7,5,4,7,6,8,3,8,4,8
1681,T,3,8,4,6,2,9,13,0,5,6,10,8,0,8,0,8
7345,H,5,10,8,8,7,7,7,3,6,10,7,9,3,8,3,8
6440,E,2,3,4,2,2,6,7,2,7,11,6,9,2,8,3,8
5311,P,7,10,9,8,5,9,8,3,7,13,3,3,2,10,4,9
7016,X,4,7,7,5,4,9,7,1,8,10,3,7,3,8,3,9
10002,D,5,10,5,5,4,7,7,4,6,8,5,7,5,10,6,6
12365,L,1,0,1,0,0,2,2,5,4,1,3,5,0,8,0,8
10258,I,1,6,0,4,0,7,7,5,3,7,6,8,0,8,0,8
17470,D,3,7,5,5,4,8,8,5,5,9,6,4,3,8,3,7
19864,K,7,9,8,5,4,5,8,4,6,10,11,11,6,12,4,7
8242,J,1,5,3,4,1,9,6,2,6,14,5,10,0,7,0,7
8042,U,5,9,6,7,4,3,8,5,6,9,8,10,3,9,2,5
13777,Z,5,10,6,8,3,7,7,4,15,9,6,8,0,8,8,8
15490,O,5,8,7,6,8,8,7,5,1,7,6,8,9,9,6,11
18643,X,4,5,7,4,3,5,8,2,9,11,10,9,3,7,4,5
13419,G,3,7,4,5,5,8,7,4,1,7,6,9,6,8,6,12
11278,V,7,9,7,5,3,6,10,4,3,8,8,5,5,12,3,9
16689,L,4,9,6,7,4,4,4,3,8,2,1,8,0,6,1,6
11174,L,3,7,5,5,2,3,3,6,8,1,0,6,0,7,1,6
17012,U,3,8,5,6,2,6,9,7,7,8,10,9,3,9,1,7
19079,X,4,10,7,8,6,6,8,2,6,7,6,10,4,6,7,7
4446,E,3,6,5,4,3,5,9,5,8,11,10,8,3,8,4,4
4837,D,3,7,5,5,4,8,7,3,5,10,5,6,3,8,3,8
10333,K,2,6,3,4,1,3,7,7,3,7,7,11,3,8,2,10
12369,F,5,6,6,7,7,7,9,5,6,8,5,7,5,8,10,5
19062,A,4,8,7,6,5,6,5,2,3,4,2,6,2,6,3,4
6226,S,2,0,2,1,1,8,8,4,7,5,6,7,0,8,7,8
16433,Q,5,10,6,9,5,8,8,7,4,5,8,9,3,8,5,10
4842,T,4,10,5,8,4,5,12,4,7,9,12,7,2,12,1,7
10785,O,4,7,5,5,3,8,8,8,5,7,7,6,3,8,4,8
1791,H,5,9,8,7,7,8,8,5,7,7,6,7,6,8,4,7
1335,J,6,8,7,9,7,8,7,4,6,6,6,7,4,9,10,9
14694,F,7,12,6,6,4,6,10,3,4,10,7,5,4,9,8,6
4750,N,8,15,7,8,4,7,9,4,7,4,4,9,5,8,2,8
3993,L,3,9,5,7,3,5,5,2,8,6,1,10,0,6,3,7
9582,M,1,0,2,0,0,7,6,9,0,7,8,8,5,6,0,8
10268,Q,4,8,5,9,6,7,8,6,3,8,9,9,4,10,6,7
19011,Q,2,3,3,4,2,7,9,5,2,7,9,10,2,9,5,8
9138,S,5,8,6,6,3,5,9,3,9,11,6,7,2,7,5,6
875,U,5,9,5,6,4,7,5,14,5,7,11,8,3,9,0,8
17585,Y,2,5,4,4,2,6,10,1,7,7,11,9,1,11,2,9
17085,R,3,6,5,4,3,10,7,3,5,11,2,6,3,7,2,10
7565,Q,2,1,2,1,1,8,7,7,4,6,6,8,2,8,3,8
6648,N,11,13,9,8,5,4,8,5,6,3,2,13,7,11,2,7
2433,K,4,10,6,7,6,6,7,3,7,6,5,8,3,8,5,9
6899,E,4,7,5,5,3,7,7,3,8,11,7,9,2,9,5,8
12127,A,3,9,5,7,3,12,3,3,3,10,1,9,2,6,2,8
3978,M,7,11,9,8,11,7,8,6,4,7,6,8,8,10,9,11
4614,O,5,8,7,6,8,8,6,5,2,7,5,8,9,9,5,11
12865,G,6,10,8,7,9,8,8,5,3,6,6,7,9,8,9,14
6653,V,8,11,7,8,4,3,11,4,4,10,12,8,3,10,1,8
3404,Z,7,15,7,9,5,11,3,4,6,12,3,10,3,7,7,11
8096,X,6,11,9,8,4,4,9,3,9,11,12,10,3,9,4,5
3665,M,4,7,7,5,8,7,7,3,2,7,5,8,8,5,2,7
1737,W,3,7,6,5,4,5,10,2,3,8,9,9,7,11,1,8
9885,L,4,9,4,7,2,0,1,4,6,1,0,7,0,8,0,8
8706,E,7,10,9,7,6,6,8,4,9,12,9,9,3,8,5,6
7781,D,4,7,5,5,4,7,8,8,4,8,6,4,3,8,3,7
9877,R,1,0,2,1,1,6,10,7,2,7,5,8,2,7,4,9
4323,Y,9,8,7,12,5,8,5,5,5,5,12,6,5,10,4,7
11268,L,3,3,4,4,1,1,0,6,6,0,1,5,0,8,0,8
15078,Y,3,10,5,7,1,7,10,2,2,7,13,8,1,11,0,8
19136,V,4,11,6,8,9,7,6,5,2,8,7,9,8,10,4,9
11337,G,5,7,6,5,4,5,7,5,6,9,8,9,2,9,5,9
6604,L,3,9,4,6,3,3,5,1,8,3,1,9,0,7,1,6
14540,W,8,9,8,7,6,5,10,3,3,9,7,7,10,12,3,4
5567,R,3,6,4,4,3,10,7,3,5,10,3,7,3,7,3,11
13236,T,4,5,5,3,2,7,12,3,7,7,11,8,2,11,1,8
2754,O,2,5,3,4,2,7,7,8,5,7,6,8,2,8,3,8
4083,P,4,9,6,7,4,6,10,5,6,10,8,3,1,10,4,7
14165,Q,3,4,4,6,2,8,8,8,6,6,6,9,3,8,4,9
15249,A,6,11,6,6,4,12,3,5,2,11,3,10,6,4,4,10
8902,Z,7,10,9,8,5,7,8,2,10,12,6,8,1,9,6,8
18999,D,5,10,8,8,5,9,6,3,7,11,4,6,3,8,3,9
9624,E,4,11,4,8,3,3,8,6,11,7,5,14,0,8,7,7
10360,J,2,2,3,4,1,10,6,2,7,12,4,9,1,6,1,7
1734,I,2,8,3,6,1,9,7,0,8,14,5,8,0,8,1,8
3487,H,4,7,6,5,5,7,8,5,5,7,6,8,6,7,5,9
15857,M,6,12,7,6,5,7,3,2,2,8,4,10,8,1,2,8
6109,R,4,5,5,7,3,5,10,9,4,7,4,8,3,7,6,11
18226,M,6,9,8,7,6,8,6,2,5,9,6,8,8,6,2,8
9010,Y,2,1,2,1,0,7,10,3,1,7,12,8,1,11,0,8
15686,S,3,8,4,6,3,8,8,7,5,7,6,7,2,8,8,8
3004,X,3,7,5,5,2,6,9,1,8,10,8,8,2,8,3,7
4486,I,2,10,3,7,2,9,7,0,7,13,5,8,0,8,1,8
18951,L,3,11,5,8,4,3,5,2,8,3,1,9,0,7,1,6
11541,M,9,13,10,8,6,11,11,7,3,4,7,9,9,13,3,6
2140,T,3,5,4,4,2,6,10,1,8,11,9,5,1,9,3,4
5945,V,2,7,4,5,1,9,8,4,2,6,13,8,3,10,0,8
312,N,3,6,4,4,3,6,7,8,5,7,5,7,3,7,3,8
6233,S,3,7,5,5,6,7,7,3,2,8,6,7,2,7,12,3
13458,Y,2,2,4,3,1,6,10,1,6,8,11,9,1,11,2,8
17997,L,1,0,1,1,0,1,1,5,5,0,1,6,0,8,0,8
16415,P,5,10,8,8,6,8,10,4,5,13,5,3,1,10,3,8
15897,O,3,8,4,6,3,8,7,8,6,7,5,9,3,8,3,7
12502,N,4,6,7,4,3,9,9,2,5,11,3,5,6,9,2,7
19686,I,1,5,1,4,1,7,7,1,8,7,6,8,0,8,3,8
14506,L,5,11,7,8,5,7,4,1,8,8,2,10,0,6,3,8
2910,P,4,9,4,6,4,5,10,8,2,9,6,5,1,10,3,8
4676,D,3,7,4,5,2,5,7,10,8,7,6,5,3,8,4,8
9583,Z,9,15,9,8,6,8,5,2,9,12,6,10,3,8,6,8
16320,Q,4,5,4,6,4,8,6,7,4,9,8,9,3,9,6,8
16218,M,4,6,6,4,5,6,6,3,4,10,8,9,7,5,2,7
3181,D,4,5,4,8,3,5,7,11,8,7,7,5,3,8,4,8
3286,Q,3,3,4,4,3,8,7,6,3,8,6,9,2,9,3,9
15096,B,3,2,4,3,4,7,7,5,5,7,6,6,2,8,6,9
18209,E,6,11,8,8,6,8,7,3,9,12,6,9,2,9,5,8
11766,J,4,10,5,8,3,8,7,2,6,14,5,9,1,7,1,7
8660,Z,4,10,5,8,3,7,7,4,15,9,6,8,0,8,8,8
5545,I,4,10,7,8,8,10,6,2,4,8,4,4,3,8,5,7
2573,H,4,7,6,9,5,10,11,3,2,7,8,8,3,11,7,10
713,I,0,6,0,4,0,7,7,4,4,7,6,8,0,8,0,8
7636,B,3,7,3,5,3,6,8,9,7,7,5,7,2,8,8,9
10603,I,1,3,2,2,1,7,7,1,7,13,6,8,0,8,1,8
6991,N,7,9,9,7,9,6,8,3,4,8,7,8,8,8,7,4
6064,W,10,10,9,8,9,4,11,3,3,9,8,7,8,12,2,6
17746,W,4,7,6,5,4,10,8,4,1,7,9,8,7,10,0,8
14451,I,2,9,2,7,2,8,7,0,9,7,6,7,0,8,3,7
17550,H,6,11,9,9,8,10,6,3,6,10,3,7,6,8,5,10
11010,U,5,7,5,5,2,4,9,5,7,11,11,9,3,9,1,6
8183,Y,6,11,9,8,5,9,10,0,8,4,11,7,1,10,2,9
19918,T,5,11,6,8,8,6,8,4,5,6,6,9,6,7,6,7
10722,T,4,6,4,4,3,6,11,3,7,11,9,4,2,12,3,5
14544,G,4,8,5,6,3,6,6,7,7,10,7,11,2,11,4,9
18839,E,6,9,8,7,8,8,10,6,3,6,6,9,5,7,7,9
9691,Z,6,9,8,7,4,8,6,3,11,12,5,10,1,8,6,8
4451,F,5,9,7,6,4,10,7,2,6,13,4,6,6,9,5,9
18720,W,4,3,6,4,2,11,8,5,1,6,9,8,8,10,0,8
14472,W,4,9,6,7,6,7,5,6,2,7,7,8,6,8,4,8
11837,S,3,9,4,7,4,8,7,7,5,7,5,6,2,8,8,8
3264,J,6,11,8,8,4,8,9,1,7,14,4,6,2,8,2,7
332,T,5,6,5,4,2,5,12,3,8,12,9,4,1,11,2,4
75,D,4,5,5,4,3,7,7,7,7,7,6,5,2,8,3,7
12199,A,6,9,9,8,8,8,7,3,5,7,7,7,5,8,4,5
14480,J,2,4,3,7,1,14,2,6,5,14,1,10,0,7,0,8
19380,K,6,11,6,8,3,4,8,8,2,7,4,11,4,8,2,11
1348,K,4,2,5,3,3,5,7,4,8,7,6,11,3,8,5,9
5513,Q,1,2,2,2,1,8,8,5,2,8,7,10,2,9,3,9
1007,I,3,10,4,8,2,7,7,0,8,13,6,8,0,8,1,8
548,D,2,1,2,1,1,5,7,8,7,6,6,6,2,8,3,8
13818,K,3,9,4,6,2,3,7,7,2,7,7,11,4,8,3,10
2454,D,5,10,8,8,5,9,8,5,8,10,5,4,4,7,5,9
9431,Q,6,9,8,8,7,7,4,5,6,7,4,9,5,5,7,7
2521,J,7,12,5,9,5,8,9,2,4,11,6,7,2,9,8,9
15321,I,3,7,4,5,1,8,5,0,8,14,6,10,0,7,1,8
19941,L,1,0,1,0,0,2,2,5,4,1,2,6,0,8,0,8
12412,Z,5,9,6,7,4,6,8,3,10,12,7,8,1,9,6,7
11163,J,1,3,2,2,0,9,6,2,5,14,6,10,0,7,0,7
11405,K,5,9,8,7,9,7,10,4,4,5,6,9,8,8,7,8
9392,J,4,7,5,5,2,7,7,3,6,15,5,9,0,7,0,7
10248,U,3,7,3,5,1,7,6,13,5,8,13,8,3,9,0,8
19250,E,3,4,4,6,2,3,8,6,11,7,5,15,0,8,7,7
6846,G,4,7,4,5,3,6,7,6,6,10,7,10,2,9,4,9
2720,J,3,8,4,6,3,8,7,1,7,11,5,8,0,6,1,6
16225,N,6,9,8,7,7,6,7,8,6,7,5,6,3,8,3,8
16506,W,7,7,7,5,5,6,10,4,3,8,7,7,9,13,3,4
12585,I,7,11,6,6,3,8,8,3,6,13,4,5,2,8,6,10
16442,U,4,9,6,6,9,8,7,4,3,6,7,8,7,10,5,7
2499,N,6,9,9,8,8,7,9,4,4,7,4,7,9,7,6,6
2015,I,1,11,0,8,0,7,7,4,4,7,6,8,0,8,0,8
7341,U,3,5,4,3,2,5,8,5,7,10,9,9,3,9,2,6
4157,N,2,3,4,2,1,5,9,3,3,10,8,8,5,8,0,7
17297,F,1,1,2,2,1,6,10,4,4,10,8,5,1,9,3,7
2870,Q,6,10,6,5,3,12,3,3,7,11,2,8,2,9,5,13
751,P,3,2,4,3,3,6,9,4,4,9,7,4,1,10,4,7
11059,R,6,11,8,8,8,7,9,6,5,8,6,8,5,8,7,12
10835,A,2,7,4,4,2,7,4,3,2,6,1,8,3,6,2,7
2146,U,3,9,4,7,2,7,5,15,5,7,12,8,3,9,0,8
15283,L,2,5,3,3,1,7,4,1,6,8,2,10,1,6,2,8
1056,K,11,15,10,8,4,7,8,3,8,9,7,8,6,8,4,7
19086,X,5,9,8,7,6,6,8,3,6,7,7,11,5,6,8,6
7941,B,1,3,3,1,2,8,7,2,5,10,5,7,1,8,4,9
5825,M,4,5,7,3,4,8,6,3,4,9,6,8,8,6,2,8
2505,E,5,7,6,6,6,5,7,4,3,7,6,8,5,11,9,8
5224,B,3,7,4,5,3,6,7,8,6,7,6,6,2,8,9,10
5541,T,2,5,3,3,1,8,12,2,7,6,11,7,1,11,1,7
2259,W,8,10,9,8,6,1,10,3,3,11,11,9,7,10,1,7
7267,J,2,7,2,5,1,13,4,5,4,13,2,9,0,7,0,8
6327,Y,9,11,9,8,4,5,9,1,10,10,10,4,2,13,5,3
135,X,4,8,5,6,3,5,8,1,8,10,9,9,2,9,3,6
15417,G,3,7,4,5,2,8,7,8,7,6,6,9,2,7,5,11
19334,V,5,7,7,6,7,6,9,6,6,8,7,8,5,9,6,11
11236,U,5,10,8,8,10,8,8,4,5,6,6,8,9,5,8,10
8261,Y,5,7,6,5,5,8,5,6,5,5,8,8,3,9,9,6
13539,C,4,8,5,6,2,5,9,7,8,12,9,11,1,10,3,7
8592,L,7,13,6,7,3,5,5,3,8,10,4,13,2,5,6,7
5873,A,2,1,4,3,2,8,2,2,1,7,2,8,2,6,2,7
351,I,1,4,0,6,0,7,7,4,4,7,6,8,0,8,0,8
3907,M,4,11,5,8,4,7,7,12,2,7,9,8,8,6,0,8
3700,U,9,10,9,8,5,4,7,6,9,9,8,9,6,10,4,2
8357,O,7,10,9,7,11,7,8,5,2,7,6,8,12,11,9,12
5908,U,4,7,5,5,2,7,3,14,6,7,13,8,3,9,0,8
4189,P,2,2,3,3,2,5,10,4,4,9,8,4,1,10,3,7
1344,N,6,12,7,6,3,7,7,2,3,12,5,8,5,8,0,7
19772,H,5,5,5,7,3,7,8,15,1,7,5,8,3,8,0,8
8474,K,7,14,7,8,5,7,7,2,6,10,5,8,6,7,4,7
16743,E,6,10,8,8,6,4,10,4,8,11,10,8,3,8,4,4
13680,Z,2,4,4,3,1,7,8,2,9,11,7,7,1,8,5,6
13034,S,6,10,7,8,4,7,7,4,8,11,7,8,2,9,5,8
16592,E,5,7,6,5,5,8,9,6,3,6,6,10,4,8,7,9
8129,R,10,14,8,8,5,8,8,6,5,9,4,9,7,5,6,11
3217,Q,2,1,2,1,1,8,7,7,4,6,6,8,2,8,3,8
3838,V,3,7,5,5,5,8,5,4,1,7,7,8,5,9,3,7
14859,J,3,7,5,5,2,7,4,5,4,14,9,14,1,6,1,6
7279,K,2,3,3,2,2,5,7,4,7,7,6,11,3,8,4,9
13089,U,6,11,8,8,8,8,6,8,5,7,6,9,6,8,5,6
15708,O,3,9,5,7,4,7,8,8,6,7,9,7,3,8,4,9
1161,P,3,8,4,6,2,3,14,8,1,11,7,3,1,10,4,8
3703,N,6,11,6,8,6,7,7,13,1,6,6,8,5,8,0,8
4503,N,4,7,6,5,4,7,9,6,5,7,6,6,5,9,1,6
1262,B,5,9,4,5,3,7,7,5,5,10,6,9,5,7,7,9
3056,D,3,6,4,4,4,7,7,4,6,7,6,6,3,8,2,7
9132,B,1,3,3,2,2,8,7,2,5,10,5,7,2,8,3,9
17901,Z,4,11,5,8,6,6,8,5,8,8,8,9,1,10,7,8
3587,D,6,11,8,8,7,7,6,7,5,5,5,6,7,9,3,7
16041,Q,6,9,9,8,7,7,4,4,4,7,4,9,5,4,7,7
5014,X,2,3,4,2,2,8,7,1,7,10,5,8,2,8,2,8
14443,V,3,7,4,5,3,7,11,1,2,6,10,8,3,12,1,8
7469,Y,7,8,6,12,4,5,8,4,1,8,10,5,4,10,6,5
11312,Q,2,1,2,2,1,8,6,7,4,6,6,8,3,8,3,8
17753,M,4,5,6,3,4,8,6,6,5,6,7,8,9,6,3,7
19942,T,6,8,6,6,3,4,12,3,7,12,10,5,1,11,1,5
3446,Z,4,6,5,4,4,9,9,5,4,7,5,7,3,8,9,5
10440,P,1,3,3,2,1,7,8,4,3,11,5,4,1,9,2,8
1343,G,5,8,7,7,7,7,8,6,3,7,7,9,7,10,8,8
1008,L,4,10,5,8,3,0,2,4,6,1,0,8,0,8,0,8
19743,N,4,5,7,4,3,7,9,3,5,11,6,6,6,8,1,7
9254,T,6,8,6,6,3,5,12,2,8,12,9,4,1,11,2,4
10740,P,4,9,5,6,5,6,9,7,4,9,7,4,2,10,4,7
2821,M,4,2,5,3,4,9,6,6,4,6,7,6,9,6,3,6
4741,T,5,11,7,8,6,7,11,2,7,7,11,8,2,12,1,8
7989,S,6,8,7,6,4,7,8,4,8,11,8,7,2,9,5,6
19262,Z,4,5,6,7,4,11,4,4,4,10,3,9,2,7,5,10
12256,G,3,7,4,5,2,8,7,8,7,6,6,9,2,7,6,11
11948,V,4,7,4,5,2,3,12,4,3,11,11,7,3,10,1,7
2639,B,4,6,5,4,3,8,8,4,6,9,6,5,2,8,7,7
8502,J,1,1,1,1,0,13,3,6,4,12,4,11,0,7,0,8
4959,S,4,8,4,6,4,8,8,5,7,5,5,7,0,8,8,8
14354,T,6,8,6,6,4,6,11,4,5,11,9,5,3,12,2,4
1284,P,11,13,8,7,4,6,12,6,5,14,6,2,4,10,4,8
10669,G,5,7,6,5,3,6,7,6,6,10,8,8,2,9,5,9
4781,T,8,14,7,8,4,5,11,2,7,12,8,6,3,8,5,3
2408,L,4,8,6,7,6,7,6,5,5,7,7,7,3,9,8,11
1384,K,3,7,3,5,2,5,7,7,2,6,5,11,3,8,2,11
618,D,2,4,4,3,2,9,7,4,6,10,4,6,2,8,3,8
19182,B,3,7,3,5,4,6,6,8,5,6,7,7,2,9,7,10
11940,D,5,11,7,8,6,6,7,8,7,5,4,5,3,9,4,9
10773,D,3,6,5,4,6,9,8,4,5,7,6,6,4,8,8,5
7307,V,1,0,2,0,0,7,9,3,2,7,12,8,2,10,0,8
1198,Y,4,4,5,6,7,8,8,3,2,7,8,9,4,11,7,7
15445,D,4,10,6,8,5,7,7,9,7,7,6,5,3,8,4,8
12933,G,5,10,5,7,4,6,6,6,5,10,7,13,2,9,5,9
8692,Y,5,8,5,6,2,3,10,2,7,11,11,6,1,11,2,4
10648,J,2,8,3,6,1,11,3,10,3,13,7,13,1,6,0,8
18848,T,4,7,5,5,4,7,7,7,6,7,8,8,3,10,5,9
7817,X,3,7,4,5,3,7,6,3,5,6,6,9,2,9,8,8
14649,F,4,7,5,5,2,5,12,4,6,12,9,3,1,10,3,4
3674,T,3,3,3,2,1,5,13,4,5,11,8,4,2,11,1,5
14458,B,6,9,8,7,8,8,7,5,5,9,5,6,4,8,7,11
2297,W,4,8,6,6,3,6,8,4,1,7,8,8,8,9,0,8
2544,A,3,4,5,3,2,10,2,2,2,8,2,9,4,5,2,9
8391,F,2,3,4,1,1,6,10,3,5,13,7,5,1,9,1,7
7189,B,4,8,6,6,8,8,8,4,3,6,7,7,6,11,8,8
18170,G,2,1,3,2,2,7,6,6,5,6,6,9,2,9,4,9
14829,Q,6,10,8,7,7,8,6,8,4,7,7,7,6,6,8,8
17287,H,8,10,8,5,4,9,8,4,5,8,3,5,6,7,4,8
16449,M,6,9,7,7,6,8,5,11,0,7,9,8,12,4,4,8
16083,I,0,4,0,6,0,7,7,4,4,7,6,8,0,8,0,8
16269,E,5,7,7,5,5,8,6,1,8,11,4,9,3,8,5,10
18638,C,2,1,2,2,1,6,7,6,9,7,6,14,0,8,4,9
5321,H,3,8,4,5,2,7,8,15,1,7,5,8,3,8,0,8
559,E,7,12,5,6,4,8,7,4,4,11,5,9,3,9,8,11
18682,P,6,9,8,7,4,7,10,5,4,12,5,3,1,10,3,9
15563,P,6,8,8,6,5,7,11,7,3,9,5,3,3,11,4,8
9210,M,6,8,9,7,10,8,7,4,5,7,6,7,12,8,6,4
14527,W,5,10,8,8,8,8,11,2,3,6,8,8,8,10,1,8
440,U,3,4,4,6,2,8,5,14,5,7,13,8,3,9,0,8
18413,H,8,12,7,6,4,7,8,5,4,9,10,9,7,11,5,9
5776,B,1,0,1,0,1,7,8,6,4,7,6,7,1,8,6,9
14391,O,5,10,6,8,5,7,8,8,6,7,8,8,2,8,3,8
3334,M,5,9,6,7,4,7,7,12,2,7,9,8,9,6,0,8
4849,R,5,8,7,7,7,7,8,3,3,7,5,7,6,8,6,6
16078,I,1,9,1,6,2,7,7,0,7,7,6,8,0,8,3,8
12967,N,6,10,8,8,6,7,8,6,6,6,6,4,9,10,5,6
16495,T,8,13,7,7,4,6,10,3,7,12,7,6,3,9,5,4
14840,Z,1,0,1,1,0,7,7,2,10,8,6,8,0,8,6,8
3195,F,2,2,3,3,2,5,11,4,5,11,9,5,1,10,3,6
3507,H,6,9,9,7,7,8,6,2,6,10,6,9,3,8,4,7
2797,T,3,10,5,7,1,5,15,1,6,9,11,7,0,8,0,8
3454,G,3,5,5,4,5,7,8,5,2,7,7,8,6,11,7,8
3369,W,6,9,9,8,11,10,7,5,5,7,5,8,10,11,9,4
17243,D,2,1,2,2,1,6,7,9,6,6,6,6,2,8,3,8
16641,X,1,0,2,0,0,7,7,4,4,7,6,8,2,8,4,8
17058,E,2,5,4,3,2,7,7,2,8,11,7,9,2,9,4,8
2631,U,7,15,7,8,5,8,5,5,5,6,6,7,5,7,3,6
14533,F,8,12,7,6,3,5,10,2,5,12,6,4,2,9,6,4
7711,Q,5,8,5,9,6,7,10,4,3,6,9,11,3,9,6,8
16171,J,5,9,4,6,3,9,8,2,3,12,4,5,2,9,6,9
10262,W,6,7,6,5,5,5,11,3,2,9,8,7,6,12,2,6
8801,I,0,0,0,0,0,7,7,4,4,7,6,8,0,8,0,8
16604,I,3,9,4,6,3,7,7,0,7,13,6,8,0,8,1,8
16640,F,7,10,6,6,4,9,7,3,5,11,5,6,4,9,6,9
11058,C,4,10,6,8,7,6,6,4,3,8,7,11,6,9,3,8
12351,E,4,6,6,4,3,6,8,2,9,11,8,9,2,8,4,7
16540,C,1,0,2,1,0,6,7,6,8,7,6,14,0,8,4,10
11271,I,1,10,0,7,1,7,7,5,3,7,6,8,0,8,0,8
3847,T,3,8,4,6,1,8,15,1,6,6,11,9,0,8,0,8
3952,Z,4,7,4,5,3,7,7,6,11,6,6,8,1,8,8,8
9716,X,4,5,5,4,3,8,7,3,9,6,6,8,2,8,6,9
4019,S,4,6,5,4,3,7,8,3,7,10,4,7,2,6,4,8
17852,Q,2,2,2,3,2,8,8,5,3,8,7,8,2,9,2,7
8406,S,1,0,2,1,1,8,7,4,6,5,6,7,0,8,7,8
11380,X,7,11,10,9,5,7,7,1,9,10,6,8,3,8,4,7
13935,K,2,3,3,1,2,6,7,4,7,7,6,11,3,8,4,9
18679,T,6,11,6,8,5,4,12,3,6,12,10,5,2,12,2,4
16756,H,1,0,1,0,0,7,7,10,1,7,6,8,2,8,0,8
16880,M,4,5,5,3,4,8,6,6,4,6,7,7,8,6,3,6
2980,B,6,8,9,7,9,7,8,5,5,8,6,8,7,7,9,6
10588,R,4,9,6,6,4,9,7,4,6,9,4,7,3,7,5,10
472,K,3,6,5,4,5,7,6,3,4,6,6,8,7,7,6,9
19679,C,2,5,3,3,1,4,8,5,6,11,9,12,1,9,2,7
9302,U,5,9,8,7,10,8,6,4,4,6,7,8,11,9,6,8
13151,M,3,3,5,2,2,8,6,2,4,9,6,8,7,6,2,8
17138,R,3,6,5,4,4,8,9,4,5,8,4,8,3,5,4,11
6848,R,6,9,9,8,10,7,6,3,4,7,5,8,8,9,6,7
2624,V,6,9,6,4,2,5,12,5,2,11,7,4,3,11,2,7
2609,H,6,11,8,8,7,10,7,3,6,10,3,7,6,8,5,9
15223,R,2,0,2,1,1,6,10,7,2,7,5,8,2,7,4,10
593,Q,4,10,6,9,6,8,7,8,5,6,4,8,3,8,4,7
13771,P,6,9,8,7,4,9,9,3,6,14,4,3,1,10,3,9
10411,R,9,13,9,7,6,10,6,4,5,10,2,7,6,7,6,9
9063,A,3,5,5,3,2,6,2,2,2,5,2,8,2,6,3,6
5426,N,3,7,5,5,3,5,10,6,4,7,7,9,5,9,1,8
3656,S,5,11,6,8,6,8,7,8,5,7,6,7,2,8,9,8
7339,F,5,9,4,5,3,8,10,3,4,11,5,4,3,10,7,7
1559,K,3,6,5,4,5,6,7,3,6,6,5,8,3,8,4,9
16114,Y,4,7,6,9,7,9,10,7,4,7,7,6,5,11,6,3
13489,Z,3,8,4,6,3,7,8,3,11,8,6,8,0,8,7,7
1516,C,4,6,4,4,2,3,9,5,8,10,10,12,1,8,3,7
6945,K,7,10,9,8,9,8,8,6,5,8,5,6,5,7,8,11
4146,H,7,9,10,6,6,6,7,3,7,10,8,9,3,8,3,7
8461,P,5,9,5,6,3,4,12,9,2,10,6,4,1,10,4,8
14828,Z,3,9,4,7,4,8,6,5,9,7,6,6,2,7,7,8
18525,Y,4,10,6,7,1,9,10,3,2,6,13,8,2,11,0,8
14620,U,4,10,6,8,10,7,7,4,4,7,6,8,11,7,8,8
11575,H,3,5,5,4,3,7,7,3,6,10,6,8,3,8,3,8
5107,E,6,8,8,6,6,7,7,2,8,11,5,9,3,8,4,9
16624,F,4,10,4,7,2,1,13,5,3,12,9,6,0,8,3,6
13509,F,1,0,1,0,0,3,12,4,2,11,8,6,0,8,2,7
8147,A,4,9,6,6,2,7,4,3,1,6,1,8,3,7,2,7
2009,X,3,5,5,3,2,8,7,3,9,6,6,9,3,7,7,9
5935,C,5,9,6,6,4,7,7,8,6,6,6,11,4,8,4,9
7710,Y,3,10,5,7,1,7,12,1,4,7,12,8,0,10,0,8
17003,N,6,10,8,8,4,7,8,2,5,10,7,8,5,8,1,8
4249,E,4,8,4,6,3,3,9,6,12,7,5,14,0,8,7,7
11074,M,7,7,10,6,11,9,7,5,5,7,6,7,11,9,7,3
1293,V,2,3,2,1,1,5,11,2,2,9,10,7,1,11,1,7
9388,O,5,11,6,8,6,7,6,7,4,10,6,10,5,8,4,6
18011,N,3,7,4,5,2,7,7,14,2,5,6,8,5,8,0,8
14209,N,5,7,8,5,3,7,8,3,5,10,7,7,5,7,1,8
3843,A,2,1,3,1,0,7,4,2,0,7,2,8,2,7,1,8
3558,X,6,11,9,8,5,10,7,1,8,10,2,7,3,8,4,9
3871,U,3,2,4,4,2,8,8,6,7,5,9,8,3,9,1,8
8399,T,4,11,5,8,4,6,11,1,8,8,11,8,1,11,1,7
18760,V,1,0,2,1,0,7,9,3,2,7,12,8,2,10,0,8
195,P,6,11,7,8,3,4,13,9,2,10,6,4,1,10,4,8
18030,T,9,12,7,7,3,7,8,4,9,13,6,8,2,7,5,6
11708,A,7,10,9,8,9,8,6,7,4,7,6,9,6,8,8,3
13817,F,5,9,7,6,7,7,6,6,4,7,6,8,4,10,8,11
2861,J,4,5,6,6,5,8,9,4,5,7,6,8,3,8,8,7
19497,W,4,7,7,5,5,9,12,2,2,6,8,8,8,13,1,7
19954,F,4,10,4,7,3,1,12,4,4,11,10,8,0,8,2,6
9169,U,6,10,6,5,4,7,5,6,5,6,8,8,5,10,3,9
3372,H,4,6,6,4,5,7,8,5,6,7,5,8,3,8,3,8
10915,N,7,11,6,6,3,8,11,5,6,4,5,9,5,8,2,7
3789,W,5,11,8,8,4,8,8,5,2,7,8,8,9,9,0,8
1082,D,4,6,6,4,4,7,7,6,5,7,6,6,4,8,3,7
19800,I,3,9,5,6,6,10,6,2,5,8,5,5,3,8,5,7
7643,U,3,3,3,1,1,5,8,5,7,10,9,8,3,10,2,6
9580,A,9,13,8,8,4,10,0,3,2,10,4,12,3,5,4,8
14123,E,4,7,5,5,3,7,8,2,8,11,6,8,2,8,5,8
17379,M,9,10,13,8,10,3,8,4,5,10,11,11,12,8,6,6
2307,A,3,9,5,7,3,11,3,2,2,9,2,9,3,5,3,8
1150,R,2,3,4,2,2,8,7,3,4,9,4,6,2,7,3,9
5024,X,8,12,9,6,5,8,7,2,7,11,4,7,5,10,4,8
16783,V,2,6,4,4,2,9,11,3,4,4,11,8,2,10,1,8
4330,K,3,9,4,7,2,3,7,7,3,7,7,11,3,8,3,10
5226,Z,2,6,3,4,1,7,7,3,13,9,6,8,0,8,8,8
4213,L,2,3,2,2,1,4,4,4,7,2,2,6,0,7,1,6
14592,C,5,10,5,8,3,4,10,7,8,12,10,9,2,9,2,6
19010,Y,4,11,6,8,3,6,11,2,3,8,12,8,1,11,0,8
15971,J,2,8,3,6,3,7,7,1,6,11,5,9,1,6,1,6
13474,A,2,7,4,4,1,8,4,3,1,7,1,8,2,6,2,8
5599,S,3,9,4,7,4,7,7,7,5,7,7,9,2,9,8,8
19329,U,3,2,4,4,2,5,8,6,6,8,10,10,3,9,0,8
9350,B,5,10,6,8,8,8,8,6,6,7,6,6,6,8,6,10
596,M,4,7,6,5,6,9,7,5,5,6,7,5,8,6,2,6
17305,F,1,3,3,2,1,8,9,2,5,13,5,5,1,9,2,9
10789,Y,4,5,6,8,9,7,5,4,3,8,8,9,5,10,6,10
6065,Y,3,4,5,5,1,7,11,2,2,9,12,7,1,10,0,8
9015,E,4,9,6,8,7,6,8,4,3,8,7,9,5,11,8,11
7390,F,6,9,8,7,3,4,14,3,5,13,7,2,1,10,2,6
19332,H,3,4,5,3,3,8,7,3,6,10,4,8,3,7,3,8
790,A,2,4,4,5,1,8,6,3,1,7,0,8,2,6,1,8
5985,B,4,8,6,6,5,7,9,5,5,9,6,5,3,7,8,7
11771,M,5,8,8,6,5,5,7,3,4,10,9,10,8,6,3,8
11048,N,7,10,10,8,5,4,10,4,4,11,11,10,6,8,1,7
19641,E,1,1,1,2,1,4,8,5,8,7,6,13,0,8,6,9
4344,R,5,11,6,8,7,6,8,9,5,6,5,8,2,8,8,9
13765,G,6,10,8,8,5,6,6,7,8,6,5,10,2,9,4,8
15265,K,6,9,9,6,5,9,6,2,7,10,3,8,6,8,6,10
9610,S,2,6,3,4,2,8,8,7,5,7,5,6,2,8,8,8
16455,E,3,7,4,5,2,3,8,6,11,7,6,15,0,8,7,7
18271,O,3,6,4,4,3,7,8,6,4,10,7,6,3,9,3,8
7136,R,4,8,7,7,8,7,8,3,4,7,4,8,6,8,5,6
4321,B,4,5,5,8,4,6,9,9,7,8,5,6,2,8,9,10
11432,Y,6,6,5,9,3,7,11,1,3,9,10,5,4,10,6,8
3767,K,2,1,3,2,2,7,7,4,6,6,6,9,3,8,5,10
16502,F,6,7,8,8,8,7,9,4,4,7,6,7,4,9,9,8
8821,N,4,5,5,8,3,7,7,14,2,4,6,8,6,8,0,8
6163,W,5,8,5,6,4,2,10,2,3,10,11,9,6,10,1,7
8083,E,4,10,5,8,5,7,7,6,9,7,6,10,3,8,6,8
3704,D,5,9,7,7,5,7,6,8,5,6,5,4,5,8,5,9
6062,R,3,8,5,6,4,6,8,6,6,6,4,8,3,7,5,8
7441,V,2,4,3,3,1,3,12,4,3,11,11,7,2,11,1,7
17061,R,2,3,2,2,2,7,7,4,5,6,5,6,2,7,4,8
18097,P,2,7,3,4,1,4,12,8,2,10,6,3,1,10,3,8
11478,P,4,7,5,5,4,6,9,6,5,9,7,4,2,10,4,7
17233,K,7,9,10,7,6,6,8,2,7,10,7,9,3,8,3,7
16394,U,4,7,6,5,7,8,7,4,3,6,7,8,7,9,5,7
722,E,2,3,4,2,2,7,7,2,7,11,7,9,2,8,4,8
18668,A,2,7,4,5,3,11,3,2,2,9,2,9,1,6,2,8
12543,D,4,9,4,7,3,6,7,11,9,6,5,6,3,8,4,8
10875,Y,5,7,7,11,10,10,9,4,2,5,8,9,4,11,10,12
4551,Y,4,6,6,9,7,9,10,6,3,7,7,7,6,11,6,5
17733,O,3,6,4,4,3,7,7,7,5,7,6,8,2,8,3,7
2586,W,3,5,5,3,3,5,11,2,2,8,9,9,6,10,0,8
5797,V,4,7,6,6,6,6,9,5,6,8,6,8,6,9,7,6
425,M,3,7,4,5,4,7,5,10,0,7,8,8,6,5,0,8
10076,X,3,4,5,3,2,9,6,1,8,10,4,8,2,8,3,9
17564,Z,4,9,4,6,2,7,7,4,14,9,6,8,0,8,8,8
1731,X,9,11,8,6,3,7,7,2,9,9,6,8,4,9,4,8
17937,R,4,9,6,6,4,9,7,4,6,9,4,7,3,7,5,10
4970,Q,4,7,5,8,5,8,6,7,5,9,6,9,3,8,5,7
9618,Q,3,3,4,4,3,8,8,7,3,5,7,10,2,9,5,10
19869,P,2,4,3,3,2,5,10,4,4,10,8,5,0,10,3,7
8679,L,2,3,3,2,1,4,4,4,7,2,2,6,0,7,1,6
3967,D,5,8,7,6,5,10,5,2,7,11,3,7,4,7,3,9
14111,F,2,7,4,5,3,5,10,2,6,10,9,6,1,10,3,7
8511,U,3,3,4,2,1,7,8,6,8,8,10,7,3,9,1,8
7762,C,4,6,4,4,2,3,9,5,8,11,10,11,1,8,3,7
5056,O,2,2,3,3,2,7,7,7,4,7,6,8,2,8,3,8
15587,G,4,8,5,6,3,6,7,6,6,10,8,10,2,9,4,9
19709,E,3,9,3,7,2,2,7,6,10,7,7,15,0,8,7,7
12358,Q,4,4,5,5,3,9,10,7,6,5,8,9,3,8,5,9
6007,D,4,5,5,4,4,8,7,4,6,6,4,8,3,7,5,6
19029,U,4,6,4,4,2,7,4,14,5,7,13,8,3,9,0,8
15941,G,4,7,6,5,5,7,7,6,3,7,6,10,4,8,7,7
800,C,4,8,5,6,2,5,9,8,8,13,9,6,2,10,2,6
15241,N,2,5,4,3,2,7,8,2,4,10,5,6,5,9,0,7
1458,W,7,10,7,8,7,4,11,2,2,9,8,7,7,12,2,6
8589,J,3,7,4,5,4,10,5,2,5,8,5,5,3,7,5,7
16175,G,6,11,8,8,5,6,6,6,7,6,6,8,3,8,4,7
5428,T,5,10,7,8,6,7,7,7,6,5,10,10,5,6,9,7
17006,B,2,1,2,1,1,7,7,7,5,6,6,7,1,8,7,8
12010,A,1,3,3,2,1,11,2,3,2,10,2,9,1,6,2,8
14308,K,1,0,1,0,0,4,6,5,2,7,6,11,2,8,2,10
12950,V,3,10,5,7,2,6,8,4,3,8,14,8,3,10,0,8
806,D,3,6,4,4,5,9,7,5,4,7,5,7,4,7,6,5
7472,W,6,5,9,8,4,11,8,5,2,6,9,8,9,9,0,8
18684,K,8,14,8,8,4,7,7,3,6,9,9,9,6,11,4,7
9935,O,3,7,4,5,3,8,7,6,4,9,5,8,3,8,3,8
6842,R,3,4,3,3,2,7,8,4,5,6,5,6,3,6,5,8
3778,I,5,7,6,8,6,7,9,4,5,8,7,7,4,8,9,10
10864,P,3,7,3,5,3,5,11,8,2,9,7,5,1,10,3,8
6087,E,1,1,1,2,1,4,7,5,8,7,6,13,0,8,6,9
1913,F,5,8,7,6,7,7,8,1,4,10,6,6,5,10,3,5
2699,Q,7,12,6,6,4,10,5,4,7,11,4,8,3,8,8,11
16260,Z,6,11,8,8,5,6,9,3,11,11,9,6,2,8,6,5
12774,W,8,9,10,8,13,6,8,6,5,6,6,8,10,10,9,9
10316,A,3,8,5,6,5,8,8,6,4,6,6,8,3,7,6,4
10647,P,4,9,6,7,4,6,10,3,7,10,9,4,1,10,5,7
12546,K,5,7,7,5,4,3,9,3,6,10,11,11,3,8,3,6
4457,U,6,8,7,6,3,3,9,5,8,11,11,9,3,9,2,6
7044,Q,4,9,5,8,5,8,8,7,5,6,8,9,3,8,5,10
2285,Z,5,7,6,5,4,8,5,2,9,11,4,10,2,8,6,10
9660,B,4,8,6,7,7,8,7,5,5,7,6,8,6,9,8,4
16793,A,3,9,5,6,3,10,3,2,2,8,2,10,3,5,3,7
10004,Q,1,0,2,1,1,8,7,6,4,6,6,9,2,8,3,8
6059,L,1,0,1,0,0,2,1,5,4,1,2,5,0,8,0,8
4813,K,4,7,5,5,4,6,6,1,6,10,7,10,3,8,3,8
7980,Y,2,3,3,1,1,4,10,2,7,11,10,5,0,10,2,4
7416,N,5,10,8,8,5,5,9,5,5,8,8,9,7,9,2,5
11450,U,5,8,5,6,3,3,8,5,7,10,10,10,3,9,2,6
18904,H,3,2,5,3,3,8,7,6,6,7,6,7,3,8,3,7
10817,S,3,4,4,3,2,9,6,3,7,10,5,8,1,9,5,9
16571,I,7,14,6,8,4,10,6,4,6,14,3,6,2,8,6,10
10391,V,1,3,3,2,1,6,11,3,3,8,11,8,2,11,1,8
11325,O,3,7,4,5,3,7,8,8,4,7,6,8,3,8,3,8
1482,R,7,12,7,6,5,11,5,3,5,10,3,8,6,8,6,10
3812,B,5,7,6,5,6,8,7,4,4,7,5,7,6,8,5,8
7723,Z,5,9,7,7,5,8,6,2,9,12,5,8,1,7,6,8
19852,M,3,3,5,2,2,5,6,4,3,10,10,10,6,5,2,7
3445,D,8,14,7,8,5,7,6,3,7,10,5,7,6,7,8,5
2561,B,9,14,7,8,5,6,8,5,7,10,6,8,6,6,7,9
16019,R,5,5,5,6,3,5,12,8,3,7,2,9,3,7,6,11
1004,G,1,0,2,0,1,8,7,5,5,6,6,9,1,7,5,10
6255,M,4,5,7,3,4,8,7,3,4,9,6,7,8,6,2,7
6886,L,4,7,5,5,3,7,4,1,8,8,2,10,0,6,2,8
2106,Q,6,9,6,10,8,8,5,7,4,9,5,8,4,8,5,7
9760,H,3,8,4,6,4,7,7,13,1,7,6,8,3,8,0,8
6775,S,7,15,6,8,3,7,4,5,5,8,2,7,4,6,6,7
600,T,5,8,5,6,3,4,13,4,6,12,10,4,1,11,1,5
18345,B,5,10,7,8,6,10,6,3,6,10,4,7,3,7,5,11
5870,P,3,4,5,3,2,8,9,3,5,13,4,3,2,8,3,7
5740,P,3,5,5,4,2,7,10,5,3,11,4,3,1,10,3,8
12215,N,5,9,7,6,5,8,8,6,6,6,6,4,8,10,5,6
10478,H,1,0,2,0,0,7,8,11,1,7,6,8,2,8,0,8
3634,Y,3,4,5,5,1,6,11,2,2,9,12,8,1,10,0,8
12195,L,3,6,4,6,4,8,6,5,4,7,7,8,3,8,7,10
13279,T,3,2,4,3,2,6,12,3,7,8,11,7,2,11,1,7
12803,P,5,11,7,8,4,7,10,5,5,12,5,3,1,10,3,8
12445,L,2,4,3,3,1,7,4,1,7,9,3,10,0,6,3,8
12472,G,3,7,4,5,3,7,6,7,7,7,4,11,1,8,5,11
7063,J,2,7,3,5,2,9,6,2,6,11,4,8,1,6,1,6
18153,H,3,7,5,5,6,9,8,4,3,6,7,8,7,8,7,7
16623,J,1,1,2,3,1,10,6,3,5,11,4,9,1,7,1,7
9437,B,7,11,9,8,7,10,6,4,7,10,4,7,3,8,6,11
19433,C,5,9,6,7,3,5,8,7,8,7,8,14,2,9,4,9
14446,L,2,4,2,3,1,5,4,5,7,2,2,4,1,7,1,6
8100,H,9,13,8,7,5,5,8,5,4,9,10,10,7,11,5,9
3664,W,4,8,5,6,3,4,8,5,1,7,8,8,8,10,0,8
6582,S,2,1,2,1,1,8,7,4,7,5,6,7,0,8,8,8
3166,U,5,8,5,6,2,7,4,14,5,7,14,8,3,9,0,8
8247,K,1,1,1,1,0,4,7,6,3,7,6,11,3,8,2,11
5957,W,2,1,3,2,1,8,8,4,0,7,8,8,6,10,0,8
5755,T,4,4,4,3,2,6,12,3,7,11,9,4,1,11,2,4
14339,S,1,0,1,1,0,8,7,4,6,5,6,8,0,8,7,8
10993,F,5,7,6,8,7,7,9,5,5,8,6,7,4,9,9,7
1944,E,2,3,3,2,1,7,7,2,7,11,7,9,1,8,3,8
16429,P,3,8,4,6,4,6,9,6,4,9,7,4,2,10,3,7
9009,T,3,3,3,2,1,5,12,2,7,11,9,5,1,10,1,5
86,V,3,8,5,6,6,8,7,4,1,8,7,8,5,10,4,7
17899,E,4,8,6,6,4,7,7,3,8,11,7,9,3,8,5,8
3955,G,6,9,6,7,5,5,6,6,5,9,8,11,2,9,4,10
2436,D,3,7,4,5,3,6,7,8,6,7,6,4,3,8,3,7
6768,M,2,3,4,2,2,8,7,2,4,9,6,8,6,5,1,7
7653,O,2,1,3,2,2,7,7,7,5,7,6,8,2,8,3,8
15374,L,1,3,3,1,1,7,4,1,7,8,2,10,0,7,2,9
19898,M,5,10,6,8,4,7,7,12,2,7,9,8,9,6,0,8
12425,N,4,9,5,7,3,7,7,15,2,4,6,8,6,8,0,8
4672,V,2,0,3,1,0,7,9,4,2,7,13,8,2,10,0,8
891,C,3,3,4,5,1,5,7,6,9,6,6,12,1,8,4,8
1788,S,3,8,4,6,2,7,6,6,10,5,7,10,0,9,9,8
6103,C,4,9,5,6,2,5,7,7,10,6,6,13,1,7,4,9
17864,S,2,2,2,3,2,8,7,6,5,8,6,7,2,8,8,8
19826,U,3,3,3,1,1,6,8,5,7,8,7,8,3,10,2,5
14852,A,3,5,5,3,2,8,2,2,2,7,1,8,2,6,2,7
10244,T,6,10,6,8,4,5,12,4,6,12,9,4,2,12,2,4
4853,U,4,5,4,8,2,7,4,15,6,7,12,8,3,9,0,8
6649,W,5,9,7,7,4,10,8,5,2,6,8,8,9,10,0,8
14582,T,2,7,3,4,1,7,14,0,6,7,11,8,0,8,0,8
10233,I,3,8,4,6,2,6,8,0,8,14,7,8,0,8,1,7
8348,P,4,9,6,7,5,8,9,3,4,12,5,4,2,9,3,8
4630,G,7,8,9,7,10,7,6,5,4,7,7,9,8,10,9,7
9938,K,5,10,7,7,6,10,6,1,6,10,3,8,6,8,5,12
1816,F,4,8,5,6,4,4,11,6,5,11,10,5,2,9,2,5
9639,X,4,4,5,6,1,7,7,5,4,7,6,8,3,8,4,8
33,B,5,9,7,7,10,9,8,4,4,6,8,6,6,11,8,7
12874,V,6,8,6,6,4,4,11,1,3,8,10,8,4,11,1,7
3429,O,4,6,6,6,4,7,5,4,4,8,3,7,3,7,4,8
19495,R,2,6,3,4,3,5,10,7,3,7,4,9,2,6,4,11
5167,I,4,11,6,8,3,7,7,0,8,14,6,8,0,8,1,8
3998,Z,5,11,6,8,5,6,8,6,11,7,7,10,1,9,8,8
6405,O,5,11,7,8,3,8,8,8,8,6,7,9,3,8,4,8
5722,Y,4,6,6,8,8,9,8,4,2,6,8,9,4,11,7,8
2213,C,2,1,2,2,1,6,8,7,7,9,7,12,1,10,4,10
7109,R,3,8,5,6,6,8,8,3,4,6,6,8,6,10,7,6
13296,R,4,4,4,6,2,5,9,9,4,7,5,8,3,8,5,10
18444,Y,4,11,6,8,1,8,10,3,2,6,13,8,2,11,0,8
9903,L,2,1,3,2,1,4,4,3,8,2,1,7,0,7,1,6
13747,P,2,4,3,2,2,5,10,4,4,10,8,4,1,10,3,7
14574,L,3,10,4,8,2,0,2,3,6,1,0,8,0,8,0,8
9839,M,4,5,4,7,4,7,7,12,2,7,9,8,8,5,0,8
13461,U,2,1,3,2,1,8,8,6,6,5,9,8,3,9,1,8
18815,P,4,9,6,6,4,7,11,7,3,11,5,3,2,10,4,8
6885,M,4,7,6,5,5,11,6,3,4,9,3,6,7,6,2,8
16002,V,6,9,8,8,10,7,7,5,4,7,6,8,7,9,7,10
15163,G,3,5,5,5,4,7,10,5,2,7,7,8,6,11,7,8
12033,F,3,5,3,3,2,6,10,4,5,10,9,5,2,10,3,6
18589,P,7,11,9,8,5,6,12,3,6,14,6,2,0,10,3,9
1294,S,4,9,5,7,3,8,6,6,9,5,6,8,0,9,9,8
19339,C,5,10,7,8,8,7,5,4,4,8,6,11,7,9,4,8
18203,J,2,2,3,3,1,10,6,2,6,12,4,9,0,7,1,7
15725,M,3,7,4,5,3,8,6,11,1,6,9,8,7,6,0,8
18306,D,8,14,7,8,6,7,7,4,7,10,6,7,6,7,8,4
8549,U,4,10,4,8,4,7,6,13,4,7,12,8,3,9,0,8
5613,A,5,12,5,6,4,11,2,4,2,11,4,11,5,4,5,10
11208,L,2,5,3,4,2,7,4,1,7,8,2,9,0,7,2,8
7495,L,4,9,6,7,4,9,4,1,7,9,2,10,3,6,4,9
18390,T,3,6,5,8,2,5,15,1,6,9,11,7,0,8,0,8
5520,U,3,3,4,2,1,7,9,6,7,7,10,9,3,10,1,8
17410,S,5,9,8,7,9,5,7,3,2,7,6,5,3,8,9,2
9394,A,4,10,7,8,5,11,2,2,2,9,2,9,4,5,4,8
303,X,5,10,8,8,4,8,7,4,10,6,6,8,4,6,8,9
13163,E,6,9,8,8,9,7,7,5,4,8,7,9,8,11,10,12
14349,A,4,7,5,5,3,7,5,3,0,7,1,8,2,7,1,8
19331,Y,7,7,9,10,9,10,12,6,4,6,7,6,5,10,8,5
15968,N,5,7,6,6,7,7,8,5,3,7,5,7,8,7,5,7
8179,P,5,10,7,7,6,7,7,8,4,7,6,7,3,9,8,9
1527,R,4,6,4,4,2,6,12,8,3,7,3,9,2,7,5,11
11754,N,5,9,7,7,6,6,7,7,6,7,5,8,6,7,3,7
10867,Z,5,10,7,8,5,8,6,2,9,11,5,10,2,7,7,8
6248,Y,2,3,3,1,1,4,12,3,5,12,10,5,1,11,1,5
7812,K,4,8,4,6,2,4,7,8,2,7,7,11,3,8,3,11
9166,B,2,3,4,2,2,8,8,3,5,10,5,6,2,8,5,9
4410,G,2,2,3,3,2,7,6,6,5,6,6,10,2,9,4,9
14816,V,3,3,4,2,1,4,12,3,3,9,11,7,2,11,1,8
17586,V,4,7,6,6,6,6,8,5,5,8,6,8,6,9,8,7
19228,O,3,6,5,4,5,8,6,5,2,7,6,8,7,9,3,9
15113,K,6,10,8,8,6,5,6,1,7,10,8,10,3,8,4,8
11506,T,3,4,4,3,1,6,11,2,8,11,9,5,1,10,2,5
3356,I,3,10,4,7,2,7,8,0,8,13,6,7,0,8,1,7
7036,O,4,8,5,6,2,7,8,8,8,7,7,8,3,8,4,8
19692,O,4,8,6,6,4,8,7,8,4,7,7,8,3,8,3,8
16149,E,4,11,5,8,7,5,7,6,8,6,5,11,3,8,5,9
12777,L,3,9,3,7,1,0,1,5,6,0,0,7,0,8,0,8
8992,D,5,9,6,7,6,8,8,7,6,8,7,3,5,8,4,9
5412,G,4,9,5,6,2,7,6,8,8,6,5,10,2,8,5,11
7810,X,3,9,4,6,1,7,7,4,4,7,6,8,3,8,4,8
6786,W,6,9,8,7,4,6,8,5,2,7,8,8,9,9,0,8
11436,V,3,8,5,6,1,8,8,4,3,6,14,8,3,10,0,8
14233,K,4,9,6,7,7,6,6,3,4,6,6,9,8,7,8,7
11906,Z,8,14,8,8,5,11,4,5,8,12,3,10,4,4,8,12
19090,Y,2,7,4,5,1,9,10,1,3,6,12,8,1,11,0,8
1040,K,4,8,6,6,5,5,8,1,6,9,7,9,3,8,3,8
1547,F,3,5,4,7,2,0,14,4,4,12,11,6,0,8,2,6
10426,S,3,8,4,6,3,8,8,7,7,8,5,6,2,8,9,8
10953,V,2,3,3,1,1,7,12,3,3,8,11,8,2,10,1,8
7116,Z,3,6,4,4,2,7,7,3,14,9,6,8,0,8,8,8
15757,M,5,10,6,8,4,7,7,12,2,7,9,8,9,6,0,8
9717,P,4,5,4,7,2,3,13,8,1,11,6,3,1,10,4,8
405,V,2,5,4,4,1,6,11,3,4,8,11,8,2,10,1,8
10499,X,5,8,8,6,4,9,7,1,8,10,4,7,3,9,4,9
19001,T,1,0,2,1,0,7,14,1,4,7,10,8,0,8,0,8
1609,P,4,7,6,5,3,8,9,3,5,13,5,4,1,10,2,8
16800,O,4,9,5,7,2,7,6,9,7,6,5,7,3,8,4,8
26,M,7,11,11,8,9,3,8,4,5,10,11,10,10,9,5,7
3609,T,3,9,4,6,3,10,10,1,8,5,11,8,1,10,1,8
750,R,3,6,5,4,5,6,7,3,3,7,6,9,5,9,7,5
9757,B,5,8,7,6,5,9,8,3,7,10,4,5,2,8,6,10
13858,K,4,5,5,4,5,8,7,2,4,8,3,8,4,4,3,9
8693,T,2,4,3,2,1,5,11,2,7,11,9,5,1,10,2,5
13621,C,3,5,4,3,2,6,8,7,8,8,8,13,1,9,4,10
698,Q,6,8,7,10,6,8,7,7,4,8,7,10,3,8,6,8
16970,A,3,9,4,7,3,6,4,2,1,6,1,8,2,6,2,7
7201,K,4,7,4,4,2,4,9,8,2,7,4,11,4,8,3,10
9854,I,0,7,0,4,0,7,7,4,4,7,6,8,0,8,0,8
15477,A,3,10,5,8,3,13,4,5,3,12,0,8,2,6,3,9
14801,V,5,11,7,8,2,8,8,5,3,6,14,8,3,9,0,8
18875,G,7,12,6,6,4,7,8,4,3,9,5,6,3,9,10,7
11430,S,3,6,4,4,3,8,8,5,8,5,6,6,0,7,8,7
17952,S,4,7,5,5,2,8,7,5,9,5,6,8,0,8,9,8
3646,Z,2,1,3,3,2,7,8,5,9,6,6,9,1,9,7,8
6778,K,6,10,8,8,10,8,8,4,5,5,7,9,9,8,9,7
11348,M,5,10,7,8,7,8,6,5,5,6,8,7,8,6,2,7
19345,V,4,9,6,7,2,7,8,4,3,7,14,8,3,9,0,8
10166,X,7,10,8,5,4,6,8,2,8,11,6,9,4,7,4,6
12568,N,3,7,5,5,4,7,9,6,4,7,6,7,6,8,3,8
182,U,5,10,6,7,2,7,4,14,6,7,15,8,3,9,0,8
13383,N,4,9,4,6,4,8,7,12,1,6,6,7,6,8,0,9
8262,F,3,4,4,6,2,1,12,5,6,11,11,9,0,8,2,6
4613,G,3,6,4,4,3,6,7,5,5,10,8,10,2,9,4,9
13051,W,8,10,8,8,8,6,11,3,3,9,7,7,10,12,4,5
4042,C,5,11,6,9,4,6,8,9,7,10,7,11,2,11,4,9
2828,B,5,8,8,7,9,8,6,5,5,7,6,7,8,11,9,6
15890,N,6,9,8,7,5,7,9,6,5,7,6,6,7,8,3,8
8112,G,6,11,6,6,3,7,7,6,5,9,6,6,4,7,5,6
910,X,5,11,6,8,2,7,7,5,4,7,6,8,3,8,4,8
183,S,3,4,4,6,2,8,8,6,9,5,5,5,0,8,9,7
6342,L,2,3,3,5,1,0,1,5,6,0,0,7,0,8,0,8
4311,E,5,9,5,7,3,3,8,6,11,7,6,15,0,8,7,7
16916,R,5,6,7,6,7,5,7,4,4,6,5,9,7,9,6,9
16818,V,2,1,3,1,0,7,9,4,2,7,13,8,2,10,0,8
15672,G,5,10,5,7,4,6,7,7,6,10,8,11,2,9,4,9
18965,Q,8,13,7,7,6,9,6,4,7,10,6,7,4,8,10,9
3260,H,8,10,11,7,8,7,7,2,6,10,6,9,5,7,4,7
7559,V,5,6,5,4,2,4,11,2,3,9,11,7,2,10,1,7
1940,C,9,14,7,8,5,7,6,4,4,9,8,11,4,9,9,11
16768,N,6,11,6,8,3,7,7,15,2,4,6,8,6,8,0,8
7254,O,4,6,4,4,3,7,7,7,5,10,7,9,3,8,3,8
652,W,6,10,8,8,4,7,7,4,2,7,8,8,9,9,0,8
15338,D,3,8,5,6,5,8,7,7,6,8,4,5,4,9,4,8
13396,C,2,7,3,5,2,5,8,7,8,6,7,14,1,8,4,9
14562,E,6,12,4,6,2,7,9,6,7,9,6,10,1,9,8,9
2117,U,3,3,4,2,1,5,8,5,7,11,10,8,3,9,2,6
10955,Y,4,7,6,5,5,8,5,6,4,6,9,8,3,8,8,4
14674,A,3,8,5,6,3,12,2,3,2,10,2,9,2,6,2,8
14655,J,2,6,2,4,1,13,2,8,4,13,4,12,1,6,0,8
10962,P,2,4,3,3,2,5,10,4,4,10,8,3,1,10,3,6
2622,F,3,8,3,6,1,1,14,5,3,12,10,5,0,8,2,6
12178,C,2,4,3,3,1,4,9,5,6,11,9,11,1,9,2,8
432,N,1,1,2,1,1,7,8,5,3,7,7,7,4,8,1,6
10184,Z,6,9,8,7,6,9,9,5,4,6,5,7,3,9,10,5
6779,J,8,12,6,9,5,7,11,3,3,13,5,4,3,9,9,9
4411,O,8,9,5,5,3,7,9,6,5,9,5,6,4,9,5,8
19983,V,7,10,5,5,2,6,11,5,4,11,9,4,4,11,3,10
7459,P,6,10,5,5,3,6,9,6,3,10,5,6,4,9,4,7
1688,X,4,8,6,6,4,7,7,3,9,5,6,8,3,8,7,8
11640,T,6,9,8,6,6,6,7,7,7,8,10,8,5,7,7,9
2275,D,3,7,3,5,2,5,6,10,7,5,4,5,3,8,3,8
11844,J,4,5,6,6,5,7,7,4,6,6,6,7,3,9,8,9
10731,U,5,8,6,6,3,7,8,6,8,5,9,9,3,9,1,8
6309,Q,4,7,5,5,5,8,7,7,4,6,8,8,4,5,6,9
12446,O,4,7,5,5,4,7,9,8,4,7,8,8,3,8,3,8
748,F,4,5,5,5,5,7,8,4,5,7,5,7,4,9,8,7
2042,R,5,10,7,8,6,6,8,5,6,6,5,8,3,6,6,9
13689,F,6,9,8,10,8,6,10,4,4,9,7,6,5,8,9,8
8704,N,3,9,4,6,2,7,7,14,2,5,6,8,6,8,0,8
10629,R,3,7,3,4,2,5,11,8,4,7,3,9,3,7,5,11
18380,U,4,9,6,6,7,10,7,5,4,6,7,7,7,9,5,5
13838,W,5,7,5,5,4,6,10,4,3,8,7,6,6,12,3,6
13211,C,9,15,7,8,5,8,7,5,3,8,8,10,4,9,8,13
15319,R,4,9,6,7,6,9,7,4,5,10,4,7,3,6,4,10
4912,V,5,10,5,7,4,4,11,1,2,8,10,7,3,10,1,8
8128,Z,1,0,2,1,0,7,7,3,11,8,6,8,0,8,6,8
10990,C,3,3,4,4,1,5,8,6,9,6,7,11,1,7,4,9
9825,H,7,11,7,6,5,7,7,3,4,9,8,8,7,10,6,8
12350,B,4,8,5,6,5,10,6,3,6,10,4,7,3,8,4,11
11885,P,5,7,7,5,4,6,11,7,2,11,5,3,1,10,3,8
7224,N,7,13,8,7,4,4,9,4,4,13,11,10,5,9,0,8
10589,C,4,7,5,5,5,5,7,3,5,7,6,10,5,10,3,8
9940,G,2,1,3,1,1,6,7,5,5,6,6,9,2,9,4,8
14923,F,1,1,2,1,0,2,12,4,3,11,9,6,0,8,2,7
7616,B,5,9,7,7,7,8,7,5,5,9,6,6,3,9,6,9
7313,O,5,8,7,6,4,8,5,8,5,6,4,5,4,8,4,8
12192,F,3,6,4,4,4,7,8,4,6,8,8,6,5,9,3,7
19557,Y,1,0,1,0,0,8,10,1,3,6,11,8,1,11,0,8
17122,W,3,3,5,5,3,7,8,4,1,7,8,8,8,10,0,8
6880,L,1,3,3,2,1,6,4,1,7,7,2,9,0,7,2,8
3148,W,6,10,6,7,7,4,10,2,3,9,8,8,7,11,2,7
7401,E,1,3,3,2,1,7,7,2,6,11,7,9,2,9,4,9
15637,L,3,8,4,6,3,4,4,4,7,2,1,7,1,6,1,6
5868,Z,3,9,4,6,3,7,7,3,12,9,6,8,0,8,7,8
843,M,5,10,5,8,4,7,7,12,2,7,9,8,8,6,0,8
4257,A,5,6,7,5,6,6,6,3,5,7,8,10,8,11,3,8
10563,B,2,4,3,2,2,8,8,3,5,10,6,6,2,8,5,9
2175,W,6,9,8,6,7,7,7,6,3,8,8,7,7,9,5,10
5745,F,5,10,6,8,7,6,10,6,4,8,5,9,3,10,8,11
8062,J,0,0,1,1,0,12,4,5,3,12,4,11,0,7,0,8
10234,N,5,10,5,7,5,7,7,13,1,6,6,8,6,9,1,6
1618,C,3,7,4,5,2,3,9,6,7,11,11,11,1,8,2,6
13361,F,3,2,3,4,2,5,11,3,6,11,9,5,1,10,3,6
6959,P,3,6,4,9,8,8,8,4,0,8,7,7,5,9,4,7
1476,R,3,6,3,4,3,6,9,7,3,7,5,8,2,7,5,11
11912,K,2,6,4,4,4,7,7,3,5,6,5,8,3,8,3,9
15901,D,1,0,1,0,0,6,7,6,5,7,6,6,2,8,2,8
7931,A,6,13,5,7,3,8,1,2,2,9,4,12,3,5,4,6
9628,O,3,7,4,5,2,8,6,9,6,7,5,8,3,8,4,8
8819,P,5,8,7,6,6,8,9,6,4,10,4,4,3,11,4,9
14787,V,4,5,5,4,2,4,13,4,4,10,11,7,3,10,1,8
10910,N,4,7,4,5,2,7,7,14,2,5,6,8,6,8,0,8
17818,P,4,11,6,9,6,7,9,5,5,9,8,3,2,10,4,6
17865,V,7,10,7,6,3,6,9,4,3,9,8,5,5,12,2,8
8626,Y,2,4,3,3,1,6,10,1,7,8,11,8,1,11,2,7
7182,Z,2,1,2,1,1,7,7,5,8,6,6,8,1,8,6,8
16129,D,2,3,3,2,2,7,7,6,6,6,6,4,2,8,3,7
4274,E,3,3,3,5,2,3,9,6,11,7,5,14,0,8,7,8
5742,F,2,5,3,3,2,5,10,3,5,10,9,6,2,10,3,6
5618,T,5,7,7,6,7,7,8,4,8,8,7,9,3,8,8,6
9326,M,3,3,4,4,2,7,6,11,1,8,9,8,7,6,0,8
11355,Z,1,1,2,2,1,7,7,5,8,6,6,8,2,8,6,8
6566,R,6,11,8,8,7,9,8,4,5,9,4,7,3,7,4,11
16943,N,8,10,10,5,3,4,10,5,4,14,11,9,5,9,0,8
8996,G,2,6,3,4,2,8,8,6,5,6,7,9,2,7,5,11
3093,L,5,9,6,6,5,6,7,7,5,6,6,9,6,8,5,11
12130,B,1,1,2,1,1,7,7,7,5,6,6,7,1,8,7,9
10757,V,4,9,6,6,3,4,11,3,4,9,12,9,3,10,1,8
5427,X,4,4,5,6,1,7,7,4,4,7,6,8,3,8,4,8
12604,S,3,8,4,6,3,9,7,7,6,7,6,8,2,9,9,8
16493,K,5,10,6,7,2,4,8,8,2,7,4,11,4,8,2,11
12068,T,5,6,5,4,2,6,10,2,9,11,9,4,1,10,3,4
668,N,1,0,2,1,1,7,7,11,1,5,6,8,4,8,0,8
10305,R,2,4,2,3,2,7,7,5,5,6,5,7,2,7,4,8
19761,Q,4,9,6,8,3,8,7,9,6,6,6,9,3,8,5,9
5746,U,3,7,5,5,4,7,8,8,5,5,6,11,3,8,5,6
14503,Q,5,9,5,11,7,8,7,7,3,8,7,9,3,8,6,8
2829,P,8,15,8,8,5,9,8,4,4,11,4,5,5,11,6,7
271,T,6,11,6,8,4,6,10,1,10,11,9,5,2,8,4,4
7875,W,5,10,7,8,7,10,11,2,2,5,8,8,8,13,2,7
9424,Y,6,11,6,8,2,3,12,5,6,13,12,6,2,11,2,6
7384,Q,4,5,5,6,4,8,7,5,2,8,8,10,2,9,5,7
17560,E,4,9,4,7,3,3,7,6,10,7,6,14,0,8,8,7
3528,E,6,9,8,7,5,9,7,2,9,11,4,9,2,8,5,10
1786,M,4,2,6,3,4,8,6,6,5,6,7,8,8,7,3,6
19067,K,7,11,10,8,8,10,6,1,6,10,3,8,6,8,6,11
19169,Q,3,6,4,5,3,8,7,7,5,6,7,9,2,8,4,9
2721,R,2,3,4,2,2,8,7,4,5,9,4,7,2,7,4,10
9869,P,8,11,8,6,5,9,8,4,4,12,4,4,5,10,6,7
7584,K,5,9,7,7,4,3,8,3,7,11,10,12,3,8,4,6
2746,A,4,6,6,5,5,8,8,2,4,7,8,8,5,8,4,6
11088,C,4,6,5,4,3,4,8,5,7,9,9,14,1,8,3,8
9591,T,5,10,7,8,7,9,11,4,6,5,11,8,3,12,1,8
19520,L,5,8,7,7,6,7,7,4,5,6,7,9,3,9,8,7
14573,L,3,4,3,3,2,4,3,4,6,2,2,6,0,7,0,6
13012,J,3,8,4,6,2,9,6,2,8,15,4,8,0,7,0,7
9197,P,4,11,5,8,6,6,9,6,4,9,8,4,1,10,3,7
12402,X,5,11,8,8,5,11,7,1,8,10,2,6,4,9,4,11
12364,C,5,9,6,7,4,5,7,6,9,7,6,13,1,8,4,9
18796,K,5,6,7,4,3,9,7,2,7,11,3,7,3,8,3,9
14066,Z,7,7,5,10,5,9,4,4,3,11,6,9,3,9,11,8
3362,H,6,11,6,8,3,7,7,15,0,7,6,8,3,8,0,8
8269,A,2,3,3,2,1,8,2,2,1,8,2,8,2,6,3,8
1666,V,1,1,2,1,0,7,9,4,2,7,13,8,2,10,0,8
3460,C,6,8,6,6,3,5,7,6,8,11,8,14,2,10,4,7
13898,E,3,6,4,5,4,5,8,4,3,7,6,9,4,10,8,11
10714,G,3,9,5,6,4,6,6,6,6,6,6,9,2,9,4,8
13563,L,4,9,5,7,3,3,3,6,8,1,0,6,0,6,1,6
2418,O,1,0,1,0,0,7,7,6,3,7,6,8,2,8,3,8
7404,O,1,0,1,1,0,7,7,7,5,7,6,8,2,8,3,8
14996,I,1,9,0,6,0,7,7,4,4,7,6,8,0,8,0,8
8534,B,3,4,4,3,3,7,7,4,6,6,6,6,5,8,6,10
18238,K,4,6,6,5,5,8,7,2,3,8,3,8,4,5,6,10
13805,F,3,6,5,4,3,5,10,2,6,10,9,6,4,10,3,6
13465,S,5,9,6,7,4,7,8,3,7,10,4,6,2,6,5,8
9467,Y,1,0,2,0,0,7,9,2,2,6,12,8,1,10,0,8
4591,Z,5,8,7,10,7,11,5,5,4,9,3,8,3,6,6,9
9108,Z,4,8,5,6,5,8,8,3,8,7,7,7,0,8,11,8
23,O,6,11,7,8,5,7,6,9,6,7,5,9,4,8,5,5
5794,B,3,5,4,4,5,7,7,5,4,7,6,8,6,9,6,9
16364,Y,1,0,2,0,0,7,10,1,3,7,12,8,1,11,0,8
7080,I,0,0,0,1,0,7,7,4,4,7,6,8,0,8,0,8
15411,K,8,15,8,8,4,6,8,3,7,9,7,9,6,9,3,7
15617,S,4,9,6,7,4,9,8,4,7,10,4,6,2,8,5,9
7056,F,4,9,4,7,3,1,13,4,4,12,10,7,0,8,2,6
3995,Y,1,0,2,0,0,8,10,3,1,6,12,8,1,11,0,8
6324,T,5,10,6,8,5,4,12,5,5,12,9,4,2,12,1,5
11077,N,3,3,4,4,2,7,7,14,2,5,6,8,6,8,0,8
11965,B,2,4,4,3,3,8,7,3,5,10,6,7,2,8,4,9
14631,C,4,7,5,6,5,6,7,4,4,7,6,10,4,10,7,11
3544,Y,3,5,5,4,2,4,10,1,8,10,10,5,3,11,5,3
12459,S,5,6,6,8,3,8,7,6,9,4,6,8,0,8,9,8
3495,Z,2,7,3,5,3,7,8,5,8,7,6,10,1,9,7,7
12036,Z,7,10,9,8,6,6,9,3,9,12,8,6,3,10,7,6
2556,B,6,11,7,8,8,8,7,5,5,7,5,7,4,8,6,8
19545,L,1,0,1,0,0,2,1,6,4,0,3,4,0,8,0,8
16764,E,3,7,4,5,4,8,8,4,7,7,5,8,3,8,5,10
16628,Z,4,10,5,8,3,7,7,4,15,9,6,8,0,8,8,8
905,E,10,15,7,8,5,7,7,4,5,10,6,8,3,9,8,9
18407,U,6,7,6,5,3,3,9,6,7,11,11,9,3,9,1,6
3932,X,2,3,4,1,2,7,7,4,9,7,6,8,2,8,6,7
15767,A,2,4,4,3,2,9,2,2,2,9,2,8,2,6,3,8
13167,Z,1,0,2,0,0,7,7,3,10,8,6,8,0,8,6,8
5141,O,4,9,5,6,4,8,6,7,3,10,4,8,3,8,3,7
2215,M,5,7,6,5,7,8,8,6,5,7,6,8,7,9,7,6
11357,S,3,8,4,6,2,8,7,5,8,5,6,6,0,8,8,8
14496,V,9,12,7,7,3,7,11,6,4,10,10,4,5,12,3,9
18773,Q,3,8,4,7,2,8,7,8,5,6,7,8,3,8,5,9
13454,V,2,6,4,4,2,7,12,3,3,6,11,8,2,10,1,8
3695,W,9,10,9,5,3,3,10,2,2,10,11,8,8,12,0,7
11028,E,5,10,3,5,2,6,8,5,7,10,6,10,1,9,7,9
7727,Q,5,10,6,8,6,8,4,8,4,7,5,9,4,9,4,7
14286,B,1,0,1,1,1,7,7,6,4,6,6,7,1,8,6,9
18873,Q,5,8,6,7,3,9,7,9,7,6,6,10,3,8,5,9
6363,M,5,6,8,4,4,7,6,2,5,9,7,8,8,5,2,8
5529,O,2,4,2,3,1,7,7,6,4,9,6,8,2,8,2,8
12420,J,2,5,3,3,1,10,6,2,6,12,4,8,1,6,1,7
17215,W,6,9,6,7,5,2,10,2,3,10,11,9,6,10,1,7
6776,H,6,9,7,4,4,7,8,3,5,10,6,8,6,9,5,8
9080,S,1,0,2,1,0,8,7,4,6,5,6,7,0,8,7,8
12349,P,8,9,6,4,3,8,8,5,4,11,4,6,5,9,4,8
12110,D,5,10,8,8,6,10,6,3,7,11,4,7,4,7,3,9
2151,P,6,9,8,7,7,6,6,8,4,7,6,8,4,9,8,11
3733,D,4,9,5,6,4,8,7,6,6,10,5,5,3,8,3,8
4246,W,4,4,5,2,3,7,11,3,2,6,9,8,7,11,0,8
5850,O,4,9,4,7,4,8,5,7,4,10,5,10,4,8,4,7
5555,W,5,9,7,7,8,8,8,6,3,6,8,8,6,7,4,7
11423,U,5,10,7,7,6,7,8,4,7,4,7,9,6,10,1,8
16676,G,1,3,2,2,1,7,7,4,4,9,7,10,2,8,3,10
9528,Q,4,9,4,5,3,10,5,4,6,11,4,8,3,8,8,12
4690,K,4,10,6,8,6,5,7,4,7,6,6,11,3,8,6,9
8155,G,1,3,2,1,1,7,7,5,4,9,7,9,2,8,3,10
12792,M,2,3,4,2,3,7,6,3,4,9,7,8,6,5,1,8
8734,J,3,6,5,4,2,10,6,1,7,14,3,7,0,8,0,8
373,W,4,8,6,6,3,4,8,5,1,7,9,8,8,10,0,8
18252,G,2,2,3,4,2,7,6,6,5,6,6,9,2,9,4,9
5185,B,0,0,1,0,0,6,7,6,4,7,6,8,1,8,5,10
7290,Z,5,7,6,5,5,9,6,5,4,7,5,7,3,8,10,6
2826,Z,1,0,2,1,0,7,7,2,10,8,6,8,0,8,6,8
18282,M,5,9,8,7,8,5,7,3,4,9,9,9,7,5,2,7
13785,L,1,3,2,2,1,7,4,2,7,7,2,9,0,7,2,8
17895,W,4,6,5,4,4,4,10,3,2,9,8,7,6,11,1,7
18989,O,4,4,5,6,2,7,7,8,8,6,5,7,3,8,4,8
12830,U,5,5,6,4,3,4,8,5,8,11,11,9,3,9,2,7
9813,G,7,10,5,5,4,7,6,3,2,8,6,8,4,9,9,8
2817,J,3,11,4,8,5,7,7,2,5,11,5,9,4,7,2,6
1566,F,3,8,3,6,1,1,13,5,3,12,10,6,0,8,2,6
11260,C,4,7,5,5,3,7,7,8,6,7,6,10,3,8,3,9
2171,F,6,10,9,7,5,5,12,4,5,13,8,4,2,10,2,6
10954,N,3,4,3,3,2,7,8,5,4,7,6,6,5,9,2,6
4134,H,2,6,3,4,1,7,8,14,1,7,5,8,3,8,0,8
4119,K,4,8,6,6,4,4,7,6,7,6,6,13,4,7,6,10
16265,N,3,7,5,5,3,6,9,3,4,10,8,8,5,8,1,7
4534,S,5,9,7,8,8,9,8,4,5,7,6,8,5,10,9,11
15955,X,5,11,7,9,6,8,7,3,5,6,7,7,4,10,11,9
5730,J,3,9,4,7,3,11,6,3,6,12,2,8,1,6,2,6
11047,L,6,11,8,8,6,5,4,2,8,6,1,9,1,6,3,7
17775,J,5,10,5,8,4,9,8,2,4,11,6,7,2,10,6,12
6070,C,7,10,7,7,4,3,8,5,7,11,10,13,1,9,3,7
14832,L,3,6,4,4,2,7,3,2,7,7,2,8,1,6,2,7
17696,P,3,8,5,6,4,6,9,3,6,9,8,5,4,10,4,7
5662,C,4,7,5,5,2,5,9,7,8,8,8,14,1,8,4,9
808,D,5,7,6,6,5,6,7,6,7,7,5,7,4,7,5,5
6856,C,3,6,4,4,2,6,8,8,8,8,8,13,2,10,4,9
15049,M,6,9,9,6,7,9,6,2,5,9,5,7,8,6,2,8
11515,M,5,11,6,9,4,8,7,12,2,6,9,8,9,6,0,8
8001,A,1,3,2,1,1,11,3,3,2,10,2,9,1,6,1,8
17160,X,4,5,7,4,3,9,6,1,9,10,4,7,2,8,3,8
2791,J,4,8,6,6,2,7,6,4,6,15,7,11,1,6,1,7
1648,Q,3,6,4,6,2,8,6,8,6,6,6,8,3,8,4,8
2536,B,3,6,5,4,6,8,6,5,4,7,7,8,7,9,7,8
13000,V,3,4,4,3,1,5,12,2,3,9,11,7,2,11,1,8
14658,M,5,8,8,6,5,3,7,4,5,11,12,11,5,8,2,7
13501,I,1,5,0,7,0,7,7,4,4,7,6,8,0,8,0,8
8141,A,2,1,3,2,1,9,3,2,2,8,2,8,2,6,2,8
2367,D,2,2,3,3,2,7,7,6,6,7,6,5,2,8,3,7
15216,Y,3,4,5,6,6,9,7,5,3,7,7,7,6,9,6,4
1382,X,5,9,6,6,1,7,7,5,4,7,6,8,3,8,4,8
4188,O,6,9,8,7,5,7,6,8,4,7,5,8,3,8,3,8
6281,Z,2,3,3,2,1,7,8,2,9,11,6,8,1,8,5,7
4540,Y,4,11,7,8,4,7,10,1,7,6,12,9,1,11,2,8
4596,M,2,0,2,1,1,7,6,10,0,7,8,8,6,6,0,8
4926,V,4,5,6,3,2,4,12,3,3,10,11,7,2,10,1,8
8138,B,4,6,5,4,5,8,7,4,5,7,5,7,3,8,6,8
19556,M,4,4,5,3,4,9,6,6,4,6,7,5,9,5,3,6
8576,N,5,11,6,8,3,7,7,15,2,4,6,8,6,8,0,8
6457,X,4,11,6,8,5,7,7,3,8,5,6,8,3,8,6,7
6080,D,3,5,5,3,3,9,6,4,7,10,4,6,2,8,3,8
7067,E,4,8,6,6,7,6,7,3,6,6,7,11,3,10,8,7
10685,V,3,7,5,5,2,6,9,4,2,8,13,8,2,10,0,8
4251,G,8,11,7,6,4,7,6,6,5,9,5,6,4,7,5,7
5949,K,5,9,7,7,6,9,6,1,6,9,3,8,3,7,4,10
19164,A,3,8,5,6,3,12,3,3,2,11,2,9,2,6,2,9
17794,O,4,4,5,6,2,8,9,8,8,6,8,9,3,8,4,8
15017,Z,3,4,5,6,4,10,7,5,5,8,3,7,3,6,6,7
6736,U,5,5,6,7,2,7,3,15,6,7,13,8,3,9,0,8
19787,N,7,10,9,8,6,6,9,2,4,9,8,8,7,7,2,7
1746,B,8,12,6,6,4,7,7,5,6,10,5,8,6,6,7,10
14784,N,4,7,4,5,2,7,7,14,2,5,6,8,6,8,0,8
12166,S,1,0,2,1,1,8,7,4,7,5,6,7,0,8,7,8
4346,M,4,7,4,5,3,7,7,12,1,7,9,8,8,6,0,8
7992,O,7,11,9,8,11,8,9,6,2,7,7,8,9,9,6,12
5356,V,3,5,4,4,5,8,8,5,4,7,6,8,6,8,7,4
4584,V,1,3,2,1,1,6,12,2,3,8,11,8,2,11,0,8
14673,E,3,7,4,5,3,7,7,6,10,6,5,9,2,8,6,8
395,B,5,7,7,5,5,7,6,6,7,8,7,6,3,9,8,7
15388,J,2,5,4,4,2,8,6,3,5,14,6,10,1,6,0,7
15701,U,4,8,6,6,4,5,9,5,6,7,9,9,3,9,1,8
12222,Q,4,10,6,9,3,8,6,9,6,6,6,8,3,8,5,9
5001,G,5,11,5,8,4,5,6,7,6,7,7,11,3,7,5,8
17732,M,3,3,4,5,3,7,7,12,1,8,9,8,8,6,0,8
10716,F,4,9,6,6,3,3,12,5,4,13,9,5,1,10,2,5
11973,M,5,7,7,5,4,11,6,3,5,9,2,6,8,6,2,9
17178,H,2,0,2,0,0,7,8,11,1,7,5,8,3,8,0,8
14672,L,2,5,4,3,2,6,4,1,8,8,2,10,0,7,2,8
11,O,6,13,4,7,4,6,7,6,3,10,7,9,5,9,5,8
3610,Q,4,5,4,6,4,7,8,6,3,9,9,9,3,9,6,7
12043,U,5,5,6,4,3,4,8,5,8,10,9,9,3,9,2,5
14296,S,9,15,7,8,4,7,5,5,6,8,2,8,4,6,6,8
14979,R,9,11,7,6,4,8,7,5,5,10,3,8,6,6,6,11
2252,S,3,5,4,4,2,8,7,3,7,10,6,8,1,9,5,8
10040,C,4,9,5,7,2,5,7,7,10,7,6,14,1,8,4,9
3883,T,4,5,5,7,2,5,15,1,6,9,11,7,0,8,0,8
2487,H,9,13,9,7,5,10,6,4,5,9,5,5,7,10,5,9
15649,G,5,11,4,6,3,7,9,4,4,9,6,5,3,9,8,7
1832,N,1,0,1,0,0,7,7,9,0,6,6,8,3,8,0,8
18585,V,3,5,5,3,2,4,12,3,3,9,11,7,2,11,1,8
15204,T,3,7,5,5,5,7,8,4,5,7,7,9,5,9,5,7
14332,J,2,4,3,6,1,14,2,7,5,14,2,11,0,7,0,8
19728,O,3,6,4,4,3,7,7,7,4,6,5,7,3,8,3,7
18244,L,3,6,3,4,1,1,0,6,6,0,1,5,0,8,0,8
994,V,3,6,5,4,5,8,5,5,2,7,7,7,4,9,4,6
15984,Z,2,4,4,3,2,8,6,2,9,11,5,9,1,8,6,9
11897,U,9,15,7,8,4,8,6,4,6,3,9,5,6,6,2,6
5570,H,5,8,7,6,8,7,6,5,5,6,6,7,8,7,8,9
5996,W,3,3,3,1,2,5,10,3,2,9,8,7,5,11,1,6
14869,N,7,10,9,9,9,8,9,4,4,7,4,7,9,6,7,6
17602,Z,5,8,7,6,4,8,7,2,10,12,6,7,1,7,6,7
10902,W,7,11,10,9,15,8,8,6,2,7,7,8,14,10,5,8
16015,G,6,8,8,7,9,7,6,6,4,7,7,9,10,8,9,9
11279,N,5,6,7,4,3,5,9,3,5,11,9,9,5,8,1,7
8181,N,6,8,9,6,4,7,9,3,5,10,7,7,6,8,1,8
2761,T,4,7,5,5,2,6,11,2,8,11,9,5,1,11,3,4
12671,J,4,9,6,7,4,8,6,6,6,8,6,8,3,7,4,6
1209,B,5,10,7,7,6,8,8,6,8,7,6,6,6,8,6,10
12531,Q,2,5,3,7,4,8,6,7,3,7,5,11,2,9,4,10
297,N,2,3,3,2,2,7,9,5,4,7,6,7,5,9,2,7
2525,Q,4,6,6,9,9,9,7,6,1,7,6,9,10,9,5,7
7818,B,4,10,4,8,4,6,6,9,6,6,6,7,2,8,9,11
11500,U,6,10,8,7,5,4,8,7,8,9,11,11,3,9,1,8
2693,L,4,6,5,6,4,7,7,4,5,7,6,8,2,9,7,10
18545,D,4,9,6,7,4,9,7,5,7,10,4,5,3,8,3,8
3125,X,3,6,5,4,4,7,7,3,5,6,6,9,2,8,8,8
9296,T,3,9,5,6,4,8,11,2,7,6,11,7,2,12,1,7
17929,G,5,6,6,6,7,7,9,6,2,7,7,7,9,12,9,7
17196,J,3,11,4,8,3,9,6,3,7,12,4,9,1,6,2,6
18288,F,3,7,4,5,3,5,11,4,6,11,10,4,2,10,2,5
6466,Q,4,5,5,6,5,9,6,7,4,5,6,8,3,8,6,9
18933,W,4,9,6,6,3,7,8,4,1,6,8,8,8,9,0,8
2905,H,5,5,5,7,3,7,8,15,1,7,4,8,3,8,0,8
17500,N,4,6,4,4,2,7,7,14,1,5,6,8,6,8,0,8
1165,G,5,9,4,4,3,7,6,3,3,8,6,8,4,9,8,6
3300,P,6,9,5,5,3,6,11,6,2,11,5,4,4,10,4,8
944,A,4,9,6,7,3,11,2,4,3,10,2,9,3,7,3,8
19395,S,3,5,5,4,2,8,7,3,7,10,6,7,1,9,5,8
11050,D,4,8,4,6,4,6,7,9,7,6,5,6,2,8,3,8
5566,V,4,11,5,8,3,5,11,3,4,9,12,9,2,10,1,8
10635,R,3,7,5,5,4,10,7,3,5,10,3,7,3,7,3,10
18144,I,2,6,2,4,1,5,8,0,7,13,7,8,0,8,1,7
16757,T,4,10,5,8,3,7,13,0,6,7,10,8,0,8,0,8
15652,F,2,4,3,3,2,5,10,4,5,10,9,5,1,10,3,6
811,H,4,7,6,5,5,8,6,6,7,7,7,6,3,9,3,7
18056,P,2,7,3,4,1,3,13,8,2,11,7,3,0,9,3,8
14819,S,4,10,4,5,2,9,3,3,4,9,2,9,3,6,4,9
6137,A,4,8,6,6,5,9,5,2,5,8,1,6,3,4,3,7
19428,U,9,11,9,8,6,3,8,5,8,11,10,10,3,9,2,6
8278,E,2,3,4,2,2,7,7,2,8,11,6,8,1,8,4,8
11365,E,3,6,3,4,2,3,8,6,10,7,5,14,0,8,7,8
8401,S,4,7,6,5,3,8,7,4,8,11,5,7,2,8,5,8
15094,U,3,7,4,5,3,6,8,6,6,6,9,9,3,9,0,8
5651,X,2,0,2,1,0,7,7,6,2,7,6,8,3,8,3,8
18406,F,1,0,1,0,0,3,12,4,2,11,8,6,0,8,2,7
19365,M,5,5,7,4,6,9,8,4,5,6,6,7,8,6,6,5
5253,F,2,4,4,2,1,6,10,2,5,13,7,5,1,9,1,7
10405,X,3,3,4,4,1,7,7,4,4,7,6,8,3,8,4,8
3473,Y,2,1,3,2,1,9,10,1,6,5,11,7,1,11,2,8
4839,B,7,10,6,6,4,8,5,4,5,10,6,9,5,7,7,10
14967,S,6,10,6,5,3,11,3,4,3,12,5,9,2,10,2,9
12937,Z,3,7,4,5,2,7,8,3,12,8,6,8,0,8,7,7
12123,K,6,9,6,5,4,5,8,3,5,10,9,11,5,9,3,6
15856,V,5,9,5,6,3,2,12,4,3,11,12,8,3,10,1,7
17874,H,4,8,4,6,4,7,7,12,1,7,6,8,3,8,0,8
16835,G,4,6,4,4,3,7,6,6,5,9,6,13,2,8,4,10
17968,H,4,11,5,8,3,7,7,15,1,7,7,8,3,8,0,8
8012,Z,2,4,4,3,2,8,7,2,9,12,5,9,1,8,5,9
16240,V,3,7,5,5,1,9,8,4,2,6,14,8,3,10,0,8
12593,F,5,10,5,8,4,1,12,4,4,12,10,7,0,8,2,6
10775,O,2,1,3,3,2,7,7,7,5,7,6,8,2,8,3,8
10823,G,2,1,4,3,2,7,7,6,6,6,7,9,2,8,4,9
15623,Z,2,4,4,3,2,7,8,2,9,11,6,8,1,8,5,7
13609,K,6,10,8,8,8,6,9,6,5,8,5,8,4,7,6,11
1266,D,7,11,9,8,8,7,8,7,6,8,7,6,7,7,3,7
5997,U,6,10,9,8,5,4,9,7,9,9,11,10,3,9,1,7
9180,A,7,11,9,8,9,7,6,8,4,7,5,8,5,8,11,2
16291,N,4,10,6,7,5,7,8,10,5,8,5,5,4,8,4,10
8838,L,4,9,6,6,3,5,4,3,9,6,1,7,1,6,3,6
15809,D,2,5,4,3,3,9,6,4,6,10,4,6,2,8,3,8
18493,T,4,10,5,7,3,5,14,1,5,9,10,7,0,8,0,8
18403,O,4,10,5,8,5,8,7,7,4,9,5,6,3,8,3,7
4137,A,6,14,6,8,5,11,3,4,2,11,3,11,5,3,4,11
787,Z,3,10,4,7,3,7,8,3,11,9,6,8,0,8,7,8
12644,N,5,10,6,8,3,7,7,15,2,4,6,8,6,8,0,8
15327,B,5,8,7,6,6,9,6,4,6,10,5,7,2,8,5,10
1956,F,6,10,8,7,6,6,10,2,6,13,7,6,2,10,2,7
18231,J,4,9,6,7,6,9,8,4,4,8,5,6,4,8,6,4
6124,L,2,4,4,3,2,7,4,1,8,8,2,10,0,7,2,8
18116,L,5,6,6,6,5,8,9,3,6,6,6,9,3,9,7,9
18181,R,3,2,4,3,3,7,7,5,5,6,5,6,3,7,4,8
15282,L,2,7,3,5,2,5,5,2,8,3,2,7,0,7,1,5
4177,K,3,4,6,3,3,6,7,2,7,10,7,10,3,8,3,7
1385,D,5,11,6,8,7,10,6,3,6,10,3,6,3,8,3,9
6407,T,3,9,4,6,1,7,14,0,6,7,11,8,0,8,0,8
14001,X,3,6,5,4,3,8,7,4,9,6,6,8,3,8,6,8
16566,Y,6,7,6,5,3,5,9,1,9,10,10,5,1,10,4,3
6446,N,9,12,11,6,4,5,8,3,4,13,9,9,7,8,0,7
2676,U,7,11,8,8,4,4,8,7,8,10,9,9,3,9,3,5
15619,D,3,7,5,5,7,10,8,4,5,7,6,6,4,7,7,5
16344,E,5,11,7,9,6,5,7,7,9,7,6,12,3,8,6,8
19859,T,5,7,5,5,3,6,11,3,6,11,9,5,3,11,3,4
19461,T,1,0,2,0,0,7,15,2,4,7,10,8,0,8,0,8
12665,Q,4,5,4,6,4,8,5,6,5,9,6,9,3,8,5,8
2860,Z,2,3,3,2,2,7,7,5,9,6,6,9,1,8,7,8
18783,C,5,11,6,8,3,6,7,7,11,5,6,14,1,7,4,8
7878,G,4,9,5,7,3,8,8,8,8,5,7,9,2,7,6,11
5510,P,9,13,9,7,6,11,6,3,4,12,4,6,5,9,6,9
15288,F,6,10,9,7,9,8,6,1,6,9,7,7,6,10,4,7
17447,F,6,10,8,7,4,5,13,2,6,13,6,2,1,10,2,6
7786,H,6,7,9,5,5,8,7,3,7,10,4,7,5,6,4,8
15367,P,4,11,5,8,3,3,13,8,2,11,6,3,1,10,4,8
7872,X,3,7,4,5,2,7,7,4,4,7,6,8,3,8,4,8
4532,M,5,8,8,6,5,3,7,4,5,11,12,11,6,9,3,7
11370,X,2,1,2,1,0,8,7,4,4,7,6,8,3,8,4,8
14865,P,5,10,5,5,3,9,8,3,5,13,4,4,3,10,6,7
7123,O,4,9,3,4,2,6,7,6,3,9,6,8,4,10,4,7
19784,G,2,1,2,1,1,8,6,6,5,6,5,9,1,7,5,10
19873,C,4,6,5,4,5,7,7,4,3,6,8,10,5,11,3,8
5071,U,4,9,5,7,2,7,5,15,5,7,13,8,3,9,0,8
18262,I,2,8,3,6,2,7,7,0,7,13,6,8,0,8,1,8
11318,G,4,10,5,7,3,7,7,8,7,6,6,8,2,7,6,11
14395,J,2,9,3,7,1,14,2,7,5,14,2,10,0,7,0,8
14737,V,3,3,4,2,1,5,12,2,2,9,11,7,3,12,1,7
19564,U,5,11,6,8,5,6,9,5,6,6,9,10,5,11,1,8
1539,S,6,9,8,7,5,6,7,4,7,10,10,9,2,9,5,5
6459,F,5,9,5,5,3,6,12,3,3,11,6,4,4,10,7,6
2305,U,2,3,3,2,1,5,8,5,6,10,9,8,3,9,2,6
8829,Q,2,2,2,4,2,8,7,7,3,6,6,9,2,8,5,10
13890,Q,5,5,6,8,3,8,6,8,8,5,5,8,3,8,4,8
4973,U,5,9,7,6,9,7,6,4,4,7,7,8,10,8,6,6
18757,Y,7,8,5,12,4,10,10,1,4,7,10,5,3,9,5,10
18866,K,4,9,6,7,7,7,6,5,5,6,5,7,7,6,8,14
16616,E,6,11,8,9,7,9,6,1,8,11,4,9,4,7,6,10
15304,R,7,13,7,8,5,10,5,2,5,9,4,8,6,8,6,9
8865,L,7,12,7,6,4,6,6,4,6,12,9,11,3,8,7,8
16411,Z,4,8,6,6,4,7,8,2,9,11,6,8,1,8,6,8
823,T,9,11,9,8,7,7,10,2,9,11,9,5,4,11,5,5
7611,G,2,3,3,2,1,7,6,5,5,7,6,9,2,9,4,9
15641,I,3,9,4,7,3,7,8,0,7,13,6,8,0,8,1,8
19087,D,4,9,5,7,5,10,6,4,5,10,3,6,3,7,3,8
160,T,7,9,7,7,5,6,10,1,8,11,9,5,2,9,3,4
16347,A,4,10,6,8,5,12,3,2,2,9,2,8,2,6,2,8
17759,A,2,5,4,4,3,9,8,3,4,6,7,8,4,8,4,6
2223,L,4,9,4,5,2,9,3,4,5,12,4,13,2,6,5,9
12766,Z,3,11,4,8,2,7,7,4,14,10,6,8,0,8,8,8
13587,B,5,10,6,7,6,9,6,3,5,7,6,7,7,8,6,9
465,U,2,2,3,3,2,7,9,5,7,7,9,9,3,9,1,8
7987,W,5,11,8,8,7,10,8,5,1,6,10,7,9,13,1,5
5401,L,3,10,4,7,4,3,4,4,7,2,0,8,0,6,1,6
16369,U,4,7,4,5,3,7,5,13,4,7,11,8,3,9,0,8
4126,L,3,2,4,3,2,4,4,5,7,2,2,5,1,6,1,6
14547,U,2,0,2,0,0,7,5,10,4,7,13,8,3,10,0,8
17289,W,10,10,10,5,4,2,10,4,2,11,12,8,8,10,0,7
9207,I,2,8,2,6,2,7,7,0,8,7,6,8,0,8,3,8
17400,F,3,5,5,3,2,7,9,2,6,13,6,5,4,9,3,7
16930,H,7,9,10,7,7,9,7,3,7,10,4,7,5,8,5,9
1342,O,3,7,4,5,2,7,6,8,8,7,4,8,3,8,4,8
11917,U,9,11,10,8,7,5,7,5,9,9,6,9,8,9,6,1
1844,P,2,3,4,2,2,8,8,3,3,12,4,5,1,9,2,8
14827,U,4,9,6,7,3,7,9,6,7,6,10,9,3,9,1,8
19160,W,3,2,4,3,3,5,10,2,2,8,9,9,6,11,0,8
19257,U,4,9,6,6,5,6,8,8,5,6,5,12,5,8,7,4
13252,H,6,8,8,6,5,10,6,4,6,10,2,7,4,7,4,9
12702,W,5,11,8,8,8,7,11,2,2,6,8,8,7,12,1,8
9103,U,5,8,6,6,4,4,8,5,7,9,7,9,4,8,4,4
18490,W,12,13,12,7,5,2,10,3,3,10,12,8,9,10,0,7
3747,W,3,7,5,5,5,7,7,6,2,7,8,8,5,8,3,8
5828,M,4,4,5,6,3,7,7,12,1,7,9,8,8,6,0,8
2185,D,3,9,5,6,4,6,7,9,6,6,6,5,3,8,3,8
5898,O,3,4,4,3,2,7,7,6,4,9,6,8,2,8,2,8
19757,P,4,9,6,7,5,5,10,3,6,10,9,5,1,10,4,7
14974,C,6,11,8,8,9,8,6,5,3,8,7,11,10,8,6,5
15145,L,4,9,5,7,4,7,4,1,7,8,2,9,1,6,2,8
4102,T,2,7,4,5,1,7,14,0,5,7,10,8,0,8,0,8
15716,I,5,11,4,6,2,8,8,2,5,13,4,5,2,9,5,9
15406,Q,4,8,5,7,3,8,6,9,7,6,4,8,3,8,4,8
12750,R,6,10,8,8,6,10,7,3,6,10,2,6,5,6,5,10
5682,A,7,11,5,6,3,10,1,3,1,10,4,12,3,4,4,8
9163,W,6,7,9,6,10,7,8,5,5,7,5,8,10,10,8,8
18601,E,4,7,6,5,5,10,6,1,7,11,4,8,3,8,5,11
12654,K,3,6,5,4,3,3,9,2,6,10,11,11,3,8,2,6
4605,Y,2,3,2,2,1,4,11,3,5,11,10,5,1,11,2,6
8623,T,8,10,8,8,6,7,10,2,8,11,9,5,3,10,5,4
12724,H,2,3,4,2,2,7,8,3,5,10,7,8,3,8,2,7
9928,X,4,9,6,7,5,8,8,3,8,5,6,5,4,10,8,7
18637,Z,3,5,4,4,3,7,7,5,9,6,6,8,1,8,7,8
9841,O,4,3,5,4,2,7,8,8,8,7,7,7,3,8,4,8
17285,Z,7,14,7,8,5,6,7,2,9,12,7,8,4,6,7,6
4812,E,3,2,4,3,3,7,7,5,8,7,5,8,2,8,6,9
18827,F,4,10,4,8,3,1,13,4,3,12,10,6,0,8,2,6
12093,I,1,1,1,3,1,7,7,1,6,7,6,8,0,8,2,8
6725,D,4,7,5,5,4,6,7,8,7,7,7,5,3,8,3,7
4522,J,4,11,5,8,3,11,5,4,7,12,2,9,1,6,2,6
7371,B,3,6,4,4,5,7,7,6,5,7,6,6,2,8,6,10
5378,G,4,5,5,4,3,6,6,6,6,6,6,9,2,9,4,8
17411,P,12,13,9,8,4,7,9,6,4,12,3,4,5,10,5,8
3950,R,5,9,7,6,6,6,8,5,6,7,5,8,3,7,5,9
3019,X,2,7,4,5,2,7,7,4,8,6,6,8,3,8,6,8
10451,K,3,7,5,6,5,6,8,3,4,7,4,9,5,3,4,9
4319,W,10,11,10,8,8,2,11,2,3,10,11,9,7,10,2,6
8652,R,4,7,6,5,5,7,7,4,6,7,6,6,3,7,5,9
15994,P,4,8,6,6,5,4,11,4,5,11,9,5,0,10,3,7
16087,T,6,14,6,8,4,9,7,3,7,11,4,6,2,8,6,6
2306,S,2,5,2,4,2,8,8,7,5,8,5,7,2,8,8,8
10919,F,3,4,5,3,2,8,9,2,7,13,5,5,2,9,3,8
11544,D,5,10,5,8,6,6,8,9,7,6,5,6,2,8,3,7
16652,B,1,1,2,1,2,7,7,4,5,7,6,6,1,8,4,9
15482,S,4,8,5,6,4,8,7,7,7,7,6,8,2,9,9,8
17988,U,2,0,2,1,0,8,5,11,4,7,13,8,3,10,0,8
18646,S,3,5,4,3,3,8,8,7,5,7,6,8,2,8,9,8
1305,D,4,7,6,5,3,9,6,4,8,11,4,6,3,8,3,9
11706,N,5,4,5,6,2,7,7,15,2,4,6,8,6,8,0,8
6978,M,3,1,4,2,1,7,7,11,1,7,9,8,7,6,0,8
232,A,2,7,4,5,3,13,3,3,2,10,1,8,2,6,2,8
9441,G,2,4,3,3,2,6,7,5,4,9,8,10,2,9,4,9
12392,G,5,9,7,8,8,8,8,6,3,7,6,9,8,11,9,11
16972,U,2,6,4,4,2,7,9,6,6,6,10,9,3,9,1,7
10799,P,2,1,2,1,1,5,11,8,2,9,6,4,1,9,3,8
12407,B,3,6,5,4,5,9,7,4,3,6,7,7,5,10,7,7
249,B,5,9,7,7,6,7,9,5,6,10,6,6,3,8,7,8
4450,X,3,7,5,5,3,5,8,1,7,10,10,9,2,9,3,6
17673,I,2,9,3,7,4,7,7,0,7,7,6,8,0,8,3,8
14871,A,4,8,7,6,5,9,5,2,5,10,2,6,2,6,3,8
19913,G,4,9,6,6,6,7,7,6,3,7,6,9,5,7,7,7
19740,D,5,9,6,6,6,7,7,8,6,6,5,4,4,8,4,8
10254,X,4,8,5,7,6,7,8,1,5,7,6,7,3,5,8,7
5212,B,3,5,5,3,3,9,7,3,6,10,5,6,2,8,5,9
6923,O,4,5,6,4,4,7,6,5,5,8,5,8,3,7,5,6
12990,J,6,7,4,10,3,6,10,3,3,13,6,5,3,8,7,9
494,S,3,2,4,4,3,8,7,7,5,7,6,7,2,8,9,8
10122,N,8,12,9,6,4,10,5,3,4,13,2,7,5,7,0,7
9472,Y,4,7,6,9,9,9,6,6,3,7,7,8,7,9,6,5
1526,T,1,0,2,1,0,7,14,1,4,7,10,8,0,8,0,8
743,D,1,0,1,0,0,6,7,7,5,7,6,6,2,8,3,8
2538,Y,7,10,7,7,3,4,10,2,8,11,11,6,1,10,3,3
14022,O,5,10,5,8,4,7,7,8,5,9,8,8,3,8,3,8
15944,W,3,3,4,1,2,5,11,3,2,9,8,7,5,11,1,6
4576,S,6,10,5,5,2,8,4,5,4,9,3,8,4,6,5,9
5015,I,0,3,0,2,0,7,7,1,7,7,6,8,0,8,2,8
18745,M,8,11,10,8,13,7,7,7,4,7,5,8,7,11,9,8
18779,U,2,3,3,2,1,5,8,5,6,10,9,9,3,10,2,6
14941,U,3,6,5,4,2,7,9,6,7,5,10,9,3,9,1,8
18740,W,8,9,8,4,3,7,10,3,2,7,10,7,9,12,1,6
10969,P,1,1,2,1,1,5,11,7,2,10,6,4,1,9,3,8
377,R,8,12,8,7,6,9,6,3,5,9,4,8,6,8,6,8
8532,M,5,5,8,4,5,8,6,3,5,9,7,8,9,6,2,8
5631,T,6,11,8,8,7,7,7,7,7,5,9,10,6,7,9,4
14735,H,3,4,5,2,2,7,7,3,6,10,6,8,3,8,3,8
12341,Y,5,9,8,6,4,6,9,1,7,7,12,9,1,11,2,8
8570,O,5,10,6,7,5,7,7,8,4,9,6,8,3,8,3,8
6946,P,2,7,3,4,2,5,10,9,3,9,6,5,2,10,3,8
14285,D,5,10,6,8,6,5,7,9,7,7,6,6,2,8,3,8
13039,Z,7,10,5,14,5,7,10,3,3,11,7,7,3,8,14,7
16837,Q,2,1,3,2,1,8,6,7,5,6,6,8,3,8,4,8
5625,G,7,12,6,6,4,8,3,4,3,7,4,4,4,7,5,8
19604,K,5,9,7,6,6,5,7,1,6,9,8,10,4,7,3,8
15226,X,4,8,6,6,3,7,7,1,8,10,6,8,3,8,4,7
17640,E,1,3,3,2,1,6,7,2,7,11,7,9,1,8,4,9
4777,Z,8,14,8,8,5,7,7,2,9,11,7,9,4,7,7,5
2533,F,4,9,6,6,3,6,11,3,6,13,7,4,1,10,2,7
18780,B,5,9,7,7,6,9,7,3,7,10,4,6,2,8,5,10
4962,Q,6,14,5,8,5,9,6,4,6,11,5,7,4,8,9,10
1196,Y,3,10,5,7,1,8,11,1,3,6,12,8,1,11,0,8
5698,S,2,4,3,3,2,8,8,7,5,8,5,7,2,8,8,8
4900,O,5,9,6,6,3,7,7,8,8,7,6,8,3,8,4,8
1538,F,3,6,4,4,3,5,10,2,6,10,9,6,1,10,3,6
2014,N,5,9,5,5,2,5,8,4,6,4,4,9,4,7,2,8
17130,I,1,3,1,4,1,7,7,0,7,7,6,8,0,8,2,8
13154,T,1,0,2,1,0,7,14,1,4,7,10,8,0,8,0,8
15983,A,3,9,6,7,5,8,5,0,4,6,3,7,2,7,4,5
6661,A,2,4,4,5,1,5,5,3,1,5,1,8,2,7,2,7
11354,G,4,9,5,6,3,6,7,7,7,10,8,9,2,9,4,9
4835,N,1,0,2,1,1,7,7,11,1,5,6,8,4,8,0,8
10840,O,5,6,7,5,5,7,5,4,4,9,4,9,3,7,6,6
6734,Q,2,3,3,4,2,7,8,5,1,7,8,10,2,9,5,8
2485,L,3,5,4,4,2,4,4,4,8,2,1,6,0,7,1,6
15276,N,2,6,3,4,3,7,7,11,1,6,6,8,5,9,0,8
7059,T,5,10,7,7,6,6,7,7,7,7,10,9,4,6,8,7
1653,O,4,9,5,6,4,8,7,8,5,7,7,7,3,8,3,8
2783,P,1,1,2,1,1,5,11,7,2,10,6,4,1,9,3,8
2638,A,5,10,7,8,4,9,2,3,3,8,1,8,2,7,4,8
17695,T,4,9,6,7,5,6,11,2,7,8,11,8,1,12,1,8
17824,N,11,13,9,7,4,6,9,4,7,3,4,11,6,10,2,7
518,X,1,0,2,0,0,7,7,4,4,7,6,8,2,8,3,8
10534,W,3,6,5,4,7,9,7,5,1,7,6,8,7,10,2,7
13979,Q,8,9,10,8,9,8,4,4,4,8,4,11,6,6,8,7
9208,B,3,6,5,4,6,8,7,4,3,6,7,8,6,10,7,7
1169,V,4,6,5,4,3,9,11,3,1,4,10,9,3,11,4,9
11595,W,9,11,8,8,7,5,10,4,3,9,8,7,9,11,3,5
2056,J,0,0,1,0,0,12,4,6,3,12,4,11,0,7,0,8
1264,A,1,3,2,2,1,10,2,2,1,9,2,9,1,6,2,8
18538,E,3,7,3,5,3,3,6,5,9,7,7,13,0,8,7,9
18168,G,6,11,7,8,6,7,7,8,7,6,5,10,2,7,5,11
983,E,3,5,3,3,3,7,7,5,7,7,6,9,2,8,5,10
2877,N,6,7,8,5,4,7,9,2,5,10,5,6,5,9,1,7
12962,J,2,2,4,4,2,10,6,2,7,12,4,9,1,6,1,7
8037,Q,5,6,6,8,5,8,7,6,3,8,8,11,3,9,6,7
14380,Y,5,6,6,4,2,4,10,2,7,10,11,5,2,11,3,4
12058,Z,2,6,3,4,3,8,7,5,9,7,7,7,1,8,7,8
3639,S,5,7,6,5,3,6,9,3,8,11,5,7,2,6,5,8
4184,I,0,3,0,4,0,7,7,4,4,7,6,8,0,8,0,8
15569,R,4,11,5,8,3,6,10,10,4,7,4,8,3,7,5,11
2298,Y,4,4,5,6,5,9,9,5,3,7,7,7,5,10,6,4
13906,N,5,10,5,8,3,7,7,15,2,4,6,8,6,8,0,8
19181,K,2,4,3,3,2,5,7,4,7,6,6,11,3,8,5,9
5394,Q,5,8,7,9,7,9,7,7,2,5,8,9,5,9,7,11
9546,Q,3,3,4,4,3,8,8,6,2,5,7,10,2,9,5,9
16418,L,2,5,4,4,2,7,4,1,8,8,2,10,0,7,2,8
8255,A,4,10,7,8,4,13,2,4,4,12,1,9,3,7,4,10
853,G,3,6,4,4,3,7,6,6,6,6,6,10,2,9,4,8
17407,X,1,1,2,1,0,7,7,4,4,7,6,8,2,8,4,7
18789,R,3,4,4,2,3,7,7,5,5,7,5,7,2,7,4,8
4651,Y,4,9,6,7,3,8,10,1,8,5,12,8,1,11,2,8
4270,W,4,4,5,2,3,4,11,3,2,10,9,8,6,11,1,6
9028,I,3,8,5,6,3,8,6,2,7,7,6,7,0,9,4,7
11930,N,1,0,2,1,0,7,7,11,0,5,6,8,4,8,0,8
16898,M,4,6,7,4,8,6,5,4,2,6,4,8,12,6,3,7
6749,I,2,6,2,4,1,6,8,0,6,13,7,8,0,8,1,7
11966,G,6,10,6,7,5,5,7,6,5,9,8,11,2,9,4,9
11399,T,4,11,5,8,2,7,15,1,6,8,11,8,0,8,0,8
14102,D,3,8,5,6,4,8,8,4,5,9,5,4,3,8,3,7
7805,S,5,8,7,6,4,6,8,3,7,10,6,7,3,7,5,6
1095,Q,3,7,4,6,2,8,6,8,6,6,4,8,3,8,4,8
12286,P,4,7,5,5,3,9,8,3,5,12,4,4,2,9,3,9
301,F,4,8,4,5,1,1,13,5,5,12,11,7,0,8,2,6
12597,Q,4,6,6,4,5,8,5,7,4,7,6,6,5,7,6,9
16553,J,4,11,4,8,3,14,3,5,5,13,1,9,0,7,0,8
1941,W,3,8,5,6,5,6,11,2,2,7,8,8,6,11,1,8
7363,Y,2,3,4,2,1,8,11,1,6,6,11,9,1,11,1,8
2085,G,4,6,6,6,6,7,7,5,4,7,7,8,7,10,6,8
949,B,2,6,3,4,3,6,7,7,5,7,6,7,2,8,6,9
5891,E,3,5,4,4,3,7,7,5,8,7,6,9,2,8,6,9
4395,Q,5,7,6,6,5,9,3,4,4,8,3,10,3,6,6,7
2095,D,4,8,5,6,4,6,7,8,7,6,5,4,3,8,4,8
14727,V,3,9,5,6,3,7,9,3,1,7,12,8,3,9,1,8
9050,W,6,9,8,7,9,7,9,6,4,7,9,8,7,7,5,10
16673,U,5,11,6,8,5,7,5,13,5,7,12,8,3,9,0,8
6948,Y,3,9,5,7,3,9,10,1,6,4,11,8,2,12,2,8
634,K,0,0,1,0,0,4,7,5,3,7,6,10,3,8,2,11
13788,M,8,10,8,6,5,4,9,5,4,4,3,12,9,10,2,8
8251,X,7,10,9,8,8,8,6,3,5,6,7,7,4,10,11,8
16808,I,1,3,2,1,0,7,7,1,7,13,6,8,0,8,1,8
7753,N,8,11,12,8,6,7,9,2,5,9,6,6,6,9,1,8
8263,X,5,8,7,6,3,7,8,1,8,10,6,8,3,8,4,7
17811,N,4,9,6,6,4,7,9,2,5,9,5,6,5,8,1,7
10713,C,4,6,6,4,3,8,6,7,7,7,6,8,4,10,4,8
12382,S,5,12,4,6,2,9,3,4,4,9,2,8,3,6,4,8
287,K,3,6,4,4,4,6,7,3,7,6,6,9,3,8,6,10
9633,F,7,8,8,9,9,6,9,4,5,7,7,6,5,8,11,8
16795,P,6,11,5,6,3,5,11,5,4,13,6,4,3,9,4,8
9878,I,1,3,2,2,0,7,7,1,7,13,6,8,0,8,1,8
5655,Y,4,4,5,3,2,4,10,2,8,10,10,5,3,11,4,3
5339,U,4,5,5,4,2,4,8,5,7,10,9,9,3,9,2,5
16537,S,4,3,5,5,2,8,10,6,10,5,5,5,0,7,8,9
1366,F,4,8,6,9,8,7,9,4,4,8,6,7,4,9,8,8
4268,H,6,7,9,10,8,7,11,5,1,8,7,5,4,12,10,4
11097,C,5,8,6,6,3,7,6,6,8,13,7,12,2,10,4,7
10517,X,4,5,7,4,3,6,8,1,9,10,8,8,2,8,3,7
17902,S,5,9,5,5,2,10,5,4,4,13,5,8,2,9,2,8
8211,G,2,4,3,3,2,6,8,5,5,9,8,9,2,8,4,9
19888,A,3,11,5,8,4,12,3,3,3,10,2,9,2,7,3,9
9977,M,4,5,7,3,4,9,6,3,5,9,4,7,10,6,2,8
11403,U,6,11,8,8,12,8,7,4,4,6,7,8,8,8,6,7
1325,A,1,0,2,0,0,8,4,2,0,7,2,8,1,6,1,8
4600,T,2,4,4,6,1,7,14,0,6,7,11,8,0,8,0,8
4556,C,1,0,1,1,0,7,7,5,7,7,6,13,0,8,4,10
15766,H,2,0,2,0,0,7,8,11,1,7,5,8,3,8,0,8
19219,N,7,9,6,4,2,7,10,4,5,4,5,10,5,9,2,7
9584,H,4,10,5,7,3,7,8,15,1,7,5,8,3,8,0,8
9031,Z,1,0,1,0,0,8,7,2,9,8,6,8,0,8,5,8
4452,L,1,4,3,3,1,6,5,2,9,7,2,10,0,7,3,7
13538,A,2,3,3,2,1,10,2,2,1,8,2,9,2,5,1,9
8940,H,5,9,6,6,6,7,7,5,5,7,5,8,6,6,6,11
18145,T,2,3,3,2,1,5,11,3,6,11,9,5,1,11,1,5
3915,S,8,15,6,9,3,11,3,4,5,11,2,9,4,6,5,11
5153,U,1,0,1,0,0,7,6,10,4,7,11,8,3,10,0,8
4408,O,4,8,5,6,4,7,7,7,4,10,6,8,3,8,3,8
19491,C,4,5,5,4,2,4,9,5,8,12,10,12,1,8,2,7
11185,H,2,4,3,3,2,6,7,5,6,7,6,8,6,8,3,8
15696,L,6,12,5,7,3,10,2,4,4,13,4,12,2,7,6,9
10782,C,7,10,8,8,4,2,9,5,9,11,11,13,1,7,3,6
18947,I,1,2,1,3,1,7,7,1,7,7,6,8,0,8,2,8
16190,H,3,7,3,5,3,8,6,12,2,7,8,8,3,9,0,8
17005,D,6,10,8,8,6,9,6,5,8,10,3,6,3,8,4,8
9761,U,5,8,5,6,2,4,9,5,7,12,11,8,3,9,1,6
3989,T,2,3,3,1,1,7,11,2,6,7,11,8,1,10,1,7
14464,H,3,4,4,2,3,8,7,6,6,7,6,8,6,8,4,7
17222,Z,5,6,4,9,4,9,4,4,3,11,6,9,2,10,8,8
19718,X,3,7,5,6,5,9,7,2,4,8,6,6,3,9,7,7
7943,X,4,8,6,7,6,9,8,2,5,7,5,6,3,8,7,8
5759,N,5,8,7,7,7,8,8,5,5,8,5,6,6,10,7,2
17787,Q,5,9,7,7,6,8,3,8,4,6,6,7,3,8,3,8
6802,D,3,5,5,4,3,9,6,4,6,10,4,6,2,8,3,8
8877,E,4,11,4,8,4,2,8,5,9,7,6,14,0,8,6,8
7410,N,5,10,7,7,5,7,8,6,6,6,6,6,6,8,1,6
17014,H,2,3,3,2,2,7,7,6,5,7,6,8,3,8,2,7
19248,T,3,4,4,2,1,5,13,3,6,12,9,3,1,10,1,5
18992,S,2,3,2,1,1,8,8,6,4,7,6,7,2,8,8,8
12662,W,4,7,6,5,3,7,8,4,1,7,8,8,8,9,0,8
11699,G,8,12,7,6,5,7,6,3,3,8,5,7,4,9,9,7
10428,Y,7,11,7,8,4,3,10,2,7,10,12,6,1,11,2,5
4128,I,6,15,4,8,3,11,5,5,4,13,3,8,3,8,5,9
2889,R,4,6,6,6,6,6,8,4,3,6,5,9,7,6,7,8
9570,D,5,10,5,5,4,9,6,3,6,10,4,7,5,8,7,7
15635,H,4,9,5,7,4,7,8,13,1,7,5,8,3,8,0,8
4255,T,8,11,8,8,4,4,12,2,8,13,10,5,0,10,2,4
17928,G,7,10,7,7,5,7,6,7,8,11,6,11,2,11,5,9
1849,N,5,7,7,5,3,5,9,3,5,10,9,9,6,7,1,7
14633,V,3,10,5,7,2,7,8,4,3,7,14,8,3,9,0,8
8166,Y,5,11,7,8,4,7,10,2,7,6,12,8,2,11,2,8
91,Y,8,10,8,7,4,3,10,3,7,11,12,6,1,11,3,5
17471,Q,4,6,4,8,5,8,5,6,4,9,5,9,3,8,5,7
11508,O,7,8,9,7,6,5,7,6,6,8,5,6,3,7,5,7
12869,M,5,9,5,6,6,7,6,10,1,7,8,8,8,4,0,8
11447,I,2,11,3,8,4,8,7,0,7,7,6,8,0,8,3,7
14670,Z,5,9,7,6,4,6,9,3,10,11,9,5,2,8,6,5
3930,Z,3,5,6,4,3,8,7,2,10,12,6,9,1,8,6,8
18221,A,5,10,5,6,3,10,2,4,2,11,6,13,5,4,5,10
16064,D,5,11,5,6,4,10,5,3,5,10,4,7,5,8,7,7
16598,B,2,1,3,3,2,7,7,5,5,6,6,6,2,8,5,9
16936,U,5,10,6,7,2,7,4,14,5,7,14,8,3,9,0,8
14494,E,3,5,4,5,4,5,9,4,4,8,7,8,4,11,7,7
15986,Q,5,11,7,8,7,8,4,7,4,5,7,11,6,6,8,8
17871,M,5,7,8,5,5,8,6,2,5,9,6,8,8,6,2,8
8843,U,3,6,3,4,1,8,5,13,5,6,13,8,3,9,0,8
3890,M,5,5,7,4,4,7,6,6,6,6,7,7,9,7,3,6
5191,W,3,4,4,2,2,6,11,3,2,8,7,7,6,11,1,6
8842,K,4,5,5,4,3,6,7,4,7,6,6,10,3,8,5,9
11838,T,2,5,4,6,1,5,14,1,6,9,11,7,0,8,0,8
8195,L,3,8,4,6,3,5,5,2,8,6,2,10,0,7,3,7
1127,D,2,3,3,2,2,7,7,6,7,7,6,4,2,8,3,7
14663,G,5,10,7,8,6,8,7,7,6,6,7,7,2,7,8,13
11220,C,5,9,4,5,1,6,8,6,7,11,7,9,2,9,5,9
13661,S,4,10,5,8,4,8,7,8,6,8,5,7,2,8,9,8
15434,R,1,0,1,0,0,6,8,6,3,7,5,7,2,7,4,11
8809,W,8,11,8,8,6,4,10,2,3,10,9,8,8,11,2,6
16964,S,4,9,5,7,4,10,7,4,6,10,3,7,2,8,5,10
11843,N,2,1,2,2,1,7,9,5,4,7,6,7,4,8,1,6
2732,B,5,10,5,8,7,7,8,8,6,8,6,7,2,8,8,9
14239,N,8,12,7,6,3,7,10,4,6,3,5,9,5,9,2,7
19434,C,1,0,2,0,0,7,7,6,8,7,6,13,0,8,4,10
14079,U,4,4,5,3,2,4,9,5,7,11,10,9,3,9,2,7
17069,I,1,1,1,3,1,8,7,1,7,7,6,7,0,8,2,7
11643,E,3,7,3,5,2,3,7,6,10,7,6,14,0,8,7,7
13828,G,6,11,7,8,6,6,6,6,5,5,6,10,2,9,4,8
9613,Y,5,9,5,4,2,5,8,3,3,10,9,6,4,9,3,4
7922,T,10,15,9,8,5,6,10,3,7,12,7,6,3,9,6,5
16907,J,2,6,3,4,1,15,3,3,5,12,1,8,0,8,0,8
16613,I,2,10,3,8,2,9,6,0,7,13,5,8,0,8,1,8
19814,Y,1,0,2,0,0,7,10,3,1,7,12,8,1,11,0,8
7435,F,6,9,8,7,5,8,9,1,7,14,5,5,2,9,3,9
17186,F,4,9,5,6,4,5,10,5,6,11,10,5,2,9,2,5
2917,B,3,5,4,4,3,8,7,6,6,6,5,6,2,8,6,10
13255,H,2,1,3,1,2,7,8,6,6,7,6,10,3,8,3,9
8554,F,3,6,4,4,3,5,11,4,4,12,8,5,2,10,2,6
532,L,1,0,1,1,0,2,2,5,5,1,1,6,0,8,0,8
2069,F,5,8,7,6,3,4,12,3,6,14,8,4,1,10,1,7
15561,Y,4,8,5,6,2,6,10,2,2,7,12,8,2,11,0,8
3829,T,4,11,5,8,3,7,14,0,5,7,10,8,0,8,0,8
15006,V,4,6,4,4,2,3,12,4,3,11,11,7,2,10,1,7
15050,O,6,10,8,8,9,7,8,6,2,7,6,7,10,9,6,10
3226,C,5,8,6,6,2,6,6,7,11,8,5,12,1,9,4,8
2356,G,4,7,5,5,3,7,7,6,7,10,7,11,2,9,4,9
18115,E,2,5,3,4,3,7,7,6,7,7,6,9,2,8,6,10
5584,D,5,11,6,8,6,6,7,9,7,6,5,5,2,8,3,7
17790,S,2,4,3,3,1,7,8,3,7,10,7,7,1,9,5,7
6101,M,4,7,6,5,6,7,8,6,4,7,6,8,5,9,7,7
13766,B,5,8,8,6,5,9,7,4,7,10,5,6,2,8,6,10
3867,N,4,4,4,6,2,7,7,14,2,4,6,8,6,8,0,8
9060,A,4,9,6,6,2,7,7,3,0,7,0,8,3,7,1,8
18081,V,2,3,3,2,1,5,12,2,2,8,10,7,2,11,0,8
8764,G,4,9,5,6,3,6,7,7,6,10,7,11,2,9,4,9
10315,M,6,7,9,6,10,7,6,4,4,7,6,8,12,9,5,5
8941,P,12,14,10,8,4,8,9,6,5,14,3,4,5,10,5,8
10137,S,5,7,6,5,3,8,8,4,9,11,3,8,2,6,4,10
14667,U,5,7,6,5,3,4,8,5,7,9,8,9,3,9,2,5
10750,P,5,6,7,8,8,8,6,4,3,7,7,7,7,12,6,7
223,J,4,7,3,10,3,9,7,3,3,11,4,5,3,8,6,9
18009,V,5,5,6,4,2,4,12,3,3,10,11,7,2,10,1,8
8115,O,2,3,3,2,2,8,7,6,4,9,5,8,2,8,2,8
14697,X,4,6,7,4,3,9,7,1,8,10,4,7,3,8,3,8
4398,M,6,10,7,8,7,8,5,11,0,7,9,8,10,5,3,7
12552,Q,5,7,6,8,5,9,8,7,2,4,7,10,3,8,6,10
8743,Q,3,5,4,5,3,8,6,7,6,7,3,9,2,8,3,8
4807,U,3,3,4,2,2,6,8,5,7,6,9,9,3,10,1,7
16168,N,3,5,3,4,2,7,9,5,4,7,6,7,5,8,2,7
932,D,6,9,8,8,8,6,8,5,7,5,3,6,5,9,8,5
16528,D,2,3,2,2,2,7,7,6,6,7,6,5,2,8,2,7
9682,X,4,11,5,8,2,7,7,4,4,7,6,8,3,8,4,8
11590,M,1,0,2,0,0,7,6,9,0,7,8,8,5,6,0,8
11266,W,6,9,8,7,6,8,8,4,1,7,9,8,8,10,0,8
9440,C,2,4,3,3,1,4,8,5,7,11,9,12,1,9,2,7
11442,O,5,9,4,4,2,9,7,5,4,9,4,8,4,9,5,9
10012,X,2,6,3,4,2,7,7,4,4,7,6,7,2,8,4,8
12676,U,4,3,4,5,1,7,5,12,5,7,15,8,3,9,0,8
6130,C,3,10,5,7,3,4,9,6,6,6,8,14,1,8,4,10
6693,W,5,9,7,7,4,8,8,5,2,7,8,8,9,9,0,8
16436,D,4,4,5,6,3,5,7,10,9,6,6,5,3,8,4,8
15459,W,5,7,5,5,4,3,11,2,2,10,8,7,5,11,2,6
17727,Q,5,8,7,9,6,8,5,8,5,6,6,9,3,8,6,10
3739,G,6,9,8,7,10,8,7,4,3,6,5,9,8,7,9,13
6829,T,5,7,7,6,6,7,8,4,8,7,7,8,3,9,8,6
11568,J,2,7,2,5,1,13,2,8,4,13,4,12,1,6,0,8
12027,W,4,6,6,4,8,9,7,5,2,7,6,8,9,11,2,7
9603,P,2,6,3,4,1,4,11,8,2,10,6,4,1,10,3,8
13016,L,2,5,3,3,2,5,4,5,6,2,2,5,1,6,1,6
10073,G,6,11,6,8,5,6,6,6,6,10,6,13,4,9,6,8
1700,A,3,8,5,6,3,7,5,3,0,7,1,8,2,7,1,8
14427,E,4,9,6,7,5,9,7,2,7,11,5,8,3,7,6,10
7885,F,5,9,7,7,4,6,10,2,6,13,7,5,1,10,2,7
9188,J,4,7,6,5,4,8,6,5,5,8,7,7,3,7,4,6
6839,E,7,15,6,8,5,7,7,4,5,10,6,9,3,9,8,10
15921,Z,3,6,4,4,3,7,7,3,12,8,6,8,0,8,7,8
12257,T,5,10,6,8,4,6,12,2,9,8,12,8,1,11,1,7
9568,E,3,5,5,3,3,7,8,2,8,11,7,9,2,9,4,8
2771,O,4,9,5,7,4,7,7,8,6,7,6,6,2,8,3,8
16796,K,8,12,7,6,4,9,8,3,7,9,4,6,6,9,4,8
19291,M,6,11,10,8,14,8,7,3,3,8,4,7,12,4,4,6
8412,L,3,7,4,5,1,0,0,6,6,0,1,5,0,8,0,8
4018,M,2,0,2,1,1,7,6,10,0,7,8,8,6,6,0,8
8974,K,5,9,7,6,5,4,7,2,7,10,10,12,3,8,3,6
16050,J,3,11,4,8,3,14,4,4,5,13,1,8,0,7,0,8
18237,E,3,5,6,3,3,7,7,2,8,12,7,9,2,9,4,8
6662,H,5,9,8,7,5,9,8,3,6,10,4,7,3,8,3,9
19167,M,4,8,6,6,5,8,6,2,4,9,6,8,7,6,2,8
15184,H,4,6,6,8,6,8,12,4,2,8,7,6,3,11,7,5
15500,L,3,11,5,8,3,4,3,5,8,1,0,6,0,6,1,5
10688,S,3,5,4,3,2,8,7,2,7,10,6,8,1,9,5,8
7647,J,2,6,3,4,3,9,9,4,3,8,4,6,4,8,5,4
2488,K,4,5,5,7,2,4,7,9,2,7,5,11,4,8,2,11
16953,F,3,5,3,3,2,5,11,3,6,11,9,5,1,10,3,6
13003,L,4,8,5,6,3,7,4,1,7,8,2,10,1,6,3,8
7019,A,4,11,6,8,4,12,3,3,3,9,1,9,2,6,3,8
16125,P,6,10,8,8,5,7,10,5,4,12,5,3,1,10,3,8
8321,M,6,9,7,4,4,5,9,4,5,5,4,10,8,9,2,8
11301,R,4,11,5,8,3,6,11,10,4,7,3,9,3,7,5,11
15536,K,3,2,4,3,2,5,7,4,7,6,6,11,3,8,5,9
19840,Q,3,5,4,6,3,8,7,7,2,5,7,10,3,8,6,9
14432,V,3,6,3,4,2,4,11,1,3,9,10,7,2,11,0,8
918,K,5,8,8,6,5,3,8,2,6,10,11,11,3,7,3,5
7346,L,3,6,4,4,3,6,7,9,5,6,6,9,3,8,5,11
19862,W,4,7,6,5,3,8,8,4,1,7,8,8,8,9,0,8
7350,E,6,11,9,9,6,10,6,2,9,11,4,9,3,8,5,11
12329,Y,5,8,5,6,2,4,11,3,8,12,11,4,1,10,2,4
12532,U,4,8,6,6,3,4,8,7,7,9,11,11,3,9,0,8
2921,I,3,9,4,6,2,5,8,0,8,14,7,8,0,8,1,7
17123,A,1,1,2,1,0,7,4,2,0,7,2,8,2,7,1,8
5735,O,6,9,7,7,6,7,8,7,5,9,7,9,3,8,4,7
12114,M,4,6,4,4,2,8,7,12,1,6,9,8,8,6,0,8
11637,S,4,10,5,7,3,8,8,6,9,4,6,7,0,8,9,7
5812,W,3,2,5,3,3,5,11,3,2,8,9,9,7,11,0,8
9412,N,3,4,5,3,2,7,9,3,4,10,6,6,5,9,0,7
6376,B,4,9,6,6,5,6,9,5,6,10,6,5,3,8,7,8
2995,A,1,3,2,1,1,9,3,2,1,8,2,9,1,6,0,8
15257,Z,3,6,4,4,3,8,7,5,10,7,5,8,2,9,8,8
11261,O,4,10,5,7,4,7,7,8,5,6,4,7,3,9,4,9
11458,I,7,11,9,8,6,10,5,2,7,7,7,4,0,9,4,7
7184,K,5,10,6,7,2,3,8,8,2,7,5,11,4,8,3,10
646,K,3,7,4,5,3,6,7,4,7,6,6,9,3,8,5,9
4353,F,5,8,6,10,8,7,9,5,5,7,6,7,4,9,9,7
8808,F,3,5,5,3,2,6,10,3,6,13,7,5,1,10,2,7
16678,W,8,9,8,7,7,5,11,3,3,9,8,7,7,12,3,6
16828,W,5,8,8,6,5,7,8,4,1,7,9,8,7,11,0,8
3062,M,4,4,7,3,4,7,6,3,4,9,8,9,7,5,2,8
10196,V,2,7,4,5,2,9,9,3,1,5,12,8,2,11,0,8
7672,G,2,3,3,2,2,6,7,5,5,9,7,10,2,9,4,9
7053,P,1,1,1,1,0,5,11,7,2,9,6,4,1,9,3,8
1530,J,3,9,4,7,1,12,2,9,4,13,7,13,1,6,0,8
19488,P,4,6,6,4,3,6,11,5,3,11,5,3,1,10,3,8
18674,Q,3,3,4,4,3,7,8,5,3,8,8,10,3,9,5,8
13114,M,3,3,4,2,2,9,6,6,4,6,7,6,6,5,2,6
2927,H,8,12,7,6,4,9,9,4,7,8,2,5,6,6,4,8
18008,M,5,6,7,4,5,9,6,2,4,9,6,7,7,6,2,7
17666,Y,5,6,7,9,10,8,4,5,3,7,8,9,8,8,6,8
15299,F,6,10,9,7,5,4,12,5,5,13,8,4,2,10,2,5
7200,J,4,8,5,6,2,7,6,4,6,15,6,11,1,6,1,7
12159,P,4,8,6,11,10,8,9,4,0,8,7,6,8,10,6,8
1580,B,4,2,5,4,4,8,7,5,6,6,5,5,2,8,7,10
19298,F,5,5,5,8,2,1,14,5,3,12,10,5,0,8,2,5
6482,U,3,7,5,5,3,7,8,6,6,5,9,9,3,9,1,8
10220,A,2,7,4,5,2,9,3,2,2,8,1,8,2,6,3,8
4420,M,2,0,2,1,1,7,6,10,0,7,8,8,6,6,0,8
1485,D,2,5,4,4,3,8,7,5,6,9,5,5,3,8,4,8
15516,Z,1,3,2,2,1,7,7,5,8,6,6,8,1,8,7,8
18810,Q,4,8,5,8,3,8,6,9,7,7,4,9,3,8,4,8
16283,T,7,9,7,7,5,6,11,4,6,11,9,4,2,12,2,4
3027,V,7,9,7,7,3,3,11,2,4,9,11,7,5,11,1,6
16508,U,5,8,6,6,5,8,8,8,5,6,7,9,3,7,4,6
9214,O,4,7,5,5,2,8,6,8,8,7,5,8,3,8,4,8
7377,W,9,10,9,7,6,3,11,2,3,9,9,8,8,11,2,6
6882,G,6,11,5,6,4,8,7,4,3,9,6,7,4,9,9,8
1685,D,5,8,7,6,6,8,7,5,6,9,4,5,3,8,4,9
16081,P,4,8,6,6,6,6,7,6,4,8,6,8,5,8,6,10
429,K,4,10,6,8,7,7,7,5,4,7,5,7,4,6,9,14
105,V,4,10,7,7,2,9,8,5,3,5,14,8,3,9,0,8
11569,H,5,6,8,4,5,8,7,3,6,10,5,8,4,9,4,8
17359,S,5,8,7,6,8,8,5,4,4,9,6,10,4,8,9,9
16934,C,1,0,2,0,0,7,7,6,8,7,6,13,0,8,4,10
922,S,2,3,3,2,1,9,7,2,6,10,5,7,1,9,5,9
10146,M,4,4,6,3,4,6,6,3,4,10,9,9,7,6,2,9
1271,Z,3,9,5,7,5,8,6,3,7,7,6,8,1,7,11,9
8447,W,7,8,9,7,10,6,9,6,7,7,7,8,8,9,8,10
2105,V,3,8,5,6,1,9,8,4,3,6,14,8,3,9,0,8
2476,M,2,3,4,1,2,5,7,4,3,10,10,10,4,7,1,6
15029,E,4,9,4,6,3,3,7,6,11,7,6,15,0,8,7,7
19832,I,2,5,0,7,0,7,7,4,4,7,6,8,0,8,0,8
14139,L,3,10,5,8,4,7,4,2,7,7,2,9,1,6,3,8
4088,Z,2,5,3,3,3,8,7,5,9,6,6,7,2,8,7,8
1235,X,1,1,2,2,1,7,7,3,8,6,6,8,2,8,5,8
8485,Q,4,7,5,9,5,8,6,6,2,8,6,11,3,9,6,9
17487,V,2,3,3,2,1,8,12,2,2,5,10,9,2,11,0,8
3858,H,5,8,8,6,5,5,9,4,6,10,10,9,4,9,4,6
13852,K,2,4,4,3,2,7,7,1,7,10,5,9,3,8,3,8
18874,D,3,6,4,4,3,8,7,5,7,10,5,6,3,8,3,9
15904,F,6,11,8,8,4,4,14,4,5,13,7,2,1,10,2,5
6404,M,4,9,5,6,5,8,6,11,1,7,8,8,7,5,0,8
279,S,3,8,4,6,4,7,7,7,5,7,6,8,2,8,8,8
8481,K,11,14,10,8,4,6,8,3,8,9,7,8,5,8,4,7
10450,Y,4,10,6,7,1,7,12,2,3,8,12,8,1,10,0,8
5281,Y,3,4,4,3,1,4,11,2,7,11,10,5,1,11,2,5
550,N,6,9,9,7,5,10,8,3,6,10,2,4,5,9,1,7
8358,X,6,10,9,8,5,8,7,0,8,10,5,8,3,8,3,8
7192,V,4,9,6,7,1,6,8,5,3,8,14,8,3,9,0,8
736,N,2,4,4,3,2,5,10,3,3,10,8,8,5,8,1,7
17882,G,4,8,5,6,6,8,7,4,2,6,6,8,7,8,7,11
9867,H,4,6,6,4,6,8,8,4,3,6,6,7,7,9,7,8
6251,K,7,9,9,6,7,9,5,1,7,10,3,9,8,5,7,10
16722,L,3,8,5,6,3,6,4,1,8,8,2,10,0,7,2,8
6003,W,3,7,6,5,4,7,11,2,2,6,9,8,7,11,1,8
9418,J,3,8,3,6,2,14,3,4,4,13,1,8,0,7,0,8
523,N,2,4,4,3,2,6,9,2,4,10,7,7,5,8,1,8
16101,Z,3,7,4,5,2,7,7,3,12,8,6,8,0,8,7,8
10934,R,4,9,6,7,4,10,7,3,6,11,2,7,3,6,3,9
13934,V,2,1,4,2,1,5,12,3,3,9,11,8,2,11,1,8
10505,Q,3,6,3,7,4,8,8,6,1,8,7,10,2,9,5,8
10427,J,4,6,5,7,4,9,8,5,6,7,5,8,3,9,8,9
16121,S,3,7,4,5,3,8,7,7,7,7,7,8,2,9,9,8
10031,V,3,7,5,5,1,7,8,4,2,7,14,8,3,10,0,8
4098,L,4,11,6,8,3,4,4,1,10,6,1,11,0,7,3,6
9070,O,4,9,5,7,5,7,7,8,4,7,6,8,3,8,3,8
2400,I,1,5,3,4,1,7,7,0,7,13,6,8,0,8,1,8
18332,T,2,7,3,4,1,7,13,0,6,7,11,8,0,8,0,8
10045,O,4,6,5,5,4,7,6,4,4,6,3,6,2,7,4,7
10412,V,5,7,5,5,2,2,11,4,3,11,12,8,2,10,0,8
9910,N,6,9,8,5,3,8,7,3,4,13,4,8,5,8,0,7
7839,D,3,4,5,3,3,9,6,4,6,10,4,6,2,8,3,8
1761,S,2,6,3,4,2,7,6,5,8,4,6,8,0,9,8,8
14460,K,3,5,5,3,3,6,7,1,6,10,7,10,3,8,3,8
12693,I,4,10,6,8,7,10,8,2,6,9,4,4,4,8,7,4
13229,R,4,7,5,5,5,7,7,4,6,6,5,7,3,7,4,8
7537,Y,1,0,2,0,0,7,9,3,1,7,12,8,1,11,0,8
6107,X,6,8,9,6,4,6,8,2,9,10,9,9,3,8,4,6
11218,T,5,6,6,5,5,6,7,3,8,7,6,10,3,6,7,6
4735,T,3,2,4,3,2,7,12,2,7,7,11,8,1,11,1,7
19112,N,6,5,6,8,3,7,7,15,2,4,6,8,6,8,0,8
2836,J,3,8,5,6,5,9,7,3,3,8,4,5,4,8,6,5
6301,G,2,4,3,3,2,6,6,5,4,8,7,10,2,8,4,10
19546,P,5,10,7,8,6,8,10,7,4,10,4,3,3,11,4,8
13520,C,5,10,6,8,2,6,7,7,10,6,6,15,1,8,4,9
2778,Z,2,8,3,6,3,7,8,3,11,8,6,8,0,8,7,8
18039,N,3,7,4,5,3,7,8,6,5,7,6,7,5,8,1,6
18630,V,4,6,4,4,2,1,11,5,3,12,12,8,2,10,1,7
18945,C,3,6,5,4,1,6,6,6,10,7,5,13,1,9,4,9
9615,W,4,8,6,6,6,10,12,2,2,5,8,8,6,11,0,8
19861,E,3,4,5,3,2,7,7,2,8,11,6,9,2,8,4,9
16650,P,5,5,6,7,7,8,7,4,3,7,7,7,6,10,5,6
18647,E,5,4,5,6,3,3,7,6,11,7,6,15,0,8,7,7
12471,D,2,3,4,1,2,10,6,3,6,10,3,6,2,8,2,9
17458,Q,7,12,7,6,5,9,6,4,7,11,5,8,4,8,9,10
1069,M,4,3,4,4,3,7,7,12,1,7,9,8,8,6,0,8
7074,Y,3,5,5,6,1,9,12,2,3,5,12,8,1,10,0,8
8649,N,4,10,5,7,3,7,7,14,2,4,6,8,6,8,0,8
1394,H,1,0,2,0,0,7,8,11,1,7,6,8,2,8,0,8
14922,Z,2,5,3,4,2,7,7,5,9,6,6,8,2,8,7,8
7206,L,4,10,4,7,1,0,1,5,6,0,0,6,0,8,0,8
5438,S,8,13,6,7,3,9,1,2,5,8,2,8,3,7,5,11
11911,W,7,11,10,8,15,10,5,5,2,7,6,7,12,10,3,4
13276,U,7,12,6,6,3,9,6,6,6,3,9,8,5,10,3,6
5539,R,4,9,6,6,6,6,7,3,5,6,5,9,6,10,7,5
7125,V,2,3,4,5,1,8,8,4,2,6,13,8,3,10,0,8
3532,O,7,14,5,8,4,5,6,7,4,10,6,9,6,9,5,7
10857,L,3,5,4,3,2,4,4,4,8,2,1,5,1,7,1,6
15910,B,1,0,1,0,1,7,7,6,4,7,6,7,1,8,6,9
7483,Y,5,6,5,4,2,3,11,3,7,12,12,6,2,11,2,5
12535,M,3,6,5,4,5,7,7,6,4,7,5,8,5,9,6,8
1644,X,3,9,4,6,1,7,7,4,4,7,6,8,3,8,4,8
18152,G,3,4,4,2,2,6,7,5,5,9,7,10,2,8,4,9
1821,O,4,8,5,6,2,8,6,8,7,7,5,8,3,8,4,8
10514,O,5,9,5,7,4,7,7,8,5,10,6,7,3,8,4,8
14166,J,1,3,2,2,1,8,6,3,5,14,6,10,1,7,0,7
10798,I,1,3,2,2,0,7,7,1,7,13,6,8,0,8,1,8
4873,B,3,2,4,3,3,7,7,5,6,6,6,6,2,8,7,10
6166,F,6,12,5,6,2,5,11,2,5,11,8,5,2,9,6,2
3545,O,5,10,5,8,5,7,7,8,4,9,6,8,3,8,3,8
9201,T,5,6,6,5,6,8,9,5,7,7,7,8,3,10,7,7
17911,S,5,11,7,8,7,8,7,7,5,6,6,8,3,8,9,7
10701,Q,4,9,4,4,2,8,5,4,7,8,6,8,3,9,8,11
14808,Z,2,5,4,3,2,7,7,2,9,11,6,8,1,8,5,8
11420,U,10,11,10,8,4,3,9,6,9,12,12,9,3,9,1,7
17623,R,5,7,7,5,4,10,6,2,6,11,2,7,3,6,3,10
14041,F,2,3,4,2,1,5,11,2,5,13,7,5,1,9,1,7
4212,F,4,8,4,6,3,2,12,5,6,11,10,8,0,8,2,7
18834,L,5,10,8,8,9,7,7,3,6,6,7,11,6,12,6,6
4208,F,3,10,4,7,2,0,13,4,4,12,11,7,0,8,2,6
10796,R,7,11,9,8,6,9,7,5,7,8,4,6,3,7,6,11
11516,N,5,9,7,6,4,9,7,3,5,10,4,6,5,9,1,7
13903,I,1,7,2,5,1,7,7,0,7,13,6,8,0,8,1,8
18455,T,6,10,8,8,9,6,7,4,6,7,7,10,7,7,7,6
3256,U,4,6,5,4,3,6,8,6,7,6,9,9,3,9,1,8
4519,N,1,3,3,2,1,6,8,3,3,10,7,8,4,8,0,7
6843,W,5,5,6,3,4,4,11,3,2,9,9,7,7,11,1,7
10964,O,3,6,5,4,3,8,8,8,4,7,6,5,3,8,3,7
3179,E,6,9,8,7,7,8,5,7,3,8,6,11,5,8,8,10
6033,Y,7,10,7,8,4,3,10,2,7,11,11,7,1,11,3,5
6096,T,2,7,3,5,1,6,14,0,6,8,11,8,0,8,0,8
18696,S,7,10,9,8,5,7,8,4,9,11,5,6,2,6,5,8
15839,M,5,7,8,5,6,9,7,2,4,9,5,7,7,6,2,8
17204,D,3,1,4,3,3,7,7,6,7,7,6,5,2,8,3,7
11315,F,3,8,4,6,3,4,10,3,6,10,10,6,1,10,3,6
19078,C,4,9,5,6,2,6,6,7,10,9,5,14,1,10,4,9
3345,F,3,8,5,6,2,3,13,6,3,13,9,4,2,10,2,5
11303,N,5,7,7,5,4,7,9,2,4,10,5,6,5,9,1,7
18560,U,4,6,5,4,2,4,9,5,6,12,11,9,3,9,1,7
14493,S,3,10,4,7,4,8,7,7,5,7,7,8,2,8,8,8
14729,X,4,11,5,8,4,7,7,4,4,7,6,7,2,8,4,8
3017,S,2,7,3,5,3,8,7,7,6,7,8,9,2,10,8,8
13676,N,1,0,2,1,0,7,7,11,0,5,6,8,4,8,0,8
1435,A,3,9,5,6,3,9,3,2,3,7,1,8,2,6,2,7
9057,V,1,1,2,2,1,6,12,3,2,9,11,8,2,11,1,8
5000,E,4,10,4,8,4,3,8,5,9,7,6,14,0,8,6,8
16885,O,3,5,4,4,3,7,7,8,5,7,6,8,2,8,3,8
10923,P,3,1,4,2,2,5,10,4,4,10,8,4,1,10,3,7
3808,Y,1,0,2,0,0,7,9,3,1,7,12,8,1,11,0,8
12415,P,4,5,5,7,6,9,7,4,3,6,7,8,6,11,5,4
12559,Z,3,6,4,4,2,7,7,4,14,9,6,8,0,8,8,8
9358,D,5,11,7,8,7,9,7,4,5,9,4,6,3,8,3,8
